ID,UUID,Name,Status,Timestamp,Notes
0,e2c84922-cd18-4243-8295-c4f068133fa0,Thing #0,347,1386747410,PADDING.PADDING.PADDING.
1,90bcc369-013d-4b44-a8aa-45e27c16f024,Thing #1,218,787379651,PADDING.
2,2c131512-77d5-47ec-b260-05e6e6344953,Thing #2,156,1545736158,
3,2c5bcdd7-875e-431d-9dd5-cdd2f72270ca,Thing #3,211,854761049,PADDING.PADDING.
4,fd211681-78d3-424d-b1a0-a2fd76b822f7,Thing #4,428,985808374,PADDING.
5,795c8240-c86d-4514-bee1-97f3170c119e,Thing #5,345,1503960473,PADDING.PADDING.PADDING.
6,fc46f6e8-5474-45dc-bfb9-17e020b6bfaf,Thing #6,195,828977990,PADDING.PADDING.
7,dc04c26f-fbab-461a-b113-dd12cc698661,Thing #7,358,1234500356,
8,f03e335f-f303-4ff7-a5b1-80453663656a,Thing #8,387,1042498378,PADDING.PADDING.PADDING.
9,eba63c94-e915-4779-9885-fc65301bb32e,Thing #9,315,1326162850,PADDING.PADDING.
10,d407f5e0-feae-41c2-8d2a-bd37c1f16e73,Thing #10,287,855093144,
11,a8d727d9-55ef-4784-8aa8-b35e6d4d9387,Thing #11,256,905670059,PADDING.
12,b2571f9d-e6a6-4751-90fe-8b7f454b431a,Thing #12,385,1072853083,PADDING.PADDING.PADDING.
13,500fc9fd-27b5-4351-a4df-3aff99177e08,Thing #13,390,1102429380,PADDING.
14,74670c39-f1bf-4ae3-8b30-269ab992231f,Thing #14,133,832584420,PADDING.PADDING.PADDING.
15,c0d0871a-36ca-4f13-bd64-9e2ab0362d6a,Thing #15,424,1371761907,PADDING.PADDING.
16,aec850c0-e8b6-416a-a93b-4960048e35f4,Thing #16,457,1527335110,PADDING.
17,8f2c83a9-4409-4b9e-9530-c65cfe7c6a05,Thing #17,299,1213923321,PADDING.
18,6a7349da-d3e0-4fc1-b312-f93ad2cad736,Thing #18,188,1136176449,PADDING.
19,781c1875-bf69-41dc-b4da-599f503837c2,Thing #19,255,803715025,PADDING.PADDING.PADDING.
20,2d9c6cf2-aa65-45a7-a4ab-755bab4e5476,Thing #20,305,1561794118,PADDING.PADDING.
21,1b3017f0-b1ae-4e5d-91af-4e40e7771077,Thing #21,328,855599610,PADDING.PADDING.
22,9cd3abea-9cc4-427c-b72a-b24d9354e266,Thing #22,483,966923869,PADDING.PADDING.
23,4f3f8d5e-997b-4c1b-8f92-642d8f841acf,Thing #23,476,720494950,PADDING.PADDING.PADDING.
24,30b4f3c7-5f80-446c-8414-3a245f9d52d4,Thing #24,347,698338512,PADDING.PADDING.
25,61d00134-822d-4045-bed3-b8d995d9023f,Thing #25,363,1572224057,PADDING.
26,e1e0c24e-01d8-43ca-8c17-039d7a1564dd,Thing #26,323,1112395019,
27,d1715cce-30b5-4b1c-9929-69fe3c5d5d05,Thing #27,433,1482458441,PADDING.
28,996efb41-ef95-4c9f-9ad3-950d03a7adf9,Thing #28,333,1064293311,PADDING.PADDING.PADDING.
29,128d6a00-80ed-4356-b474-fdd4b51905b7,Thing #29,102,1110958455,PADDING.PADDING.PADDING.
30,072250be-03b5-4694-adeb-8f04ab666e64,Thing #30,246,1432052231,
31,1589addf-f7f7-4f31-84db-0ae7b6d1733e,Thing #31,203,1517237418,
32,388feb88-36de-472b-8b76-ae2c630a0cf5,Thing #32,305,1166132504,PADDING.PADDING.PADDING.
33,6cf0769b-f2fa-4f9b-89cb-f2935b28fac9,Thing #33,251,1117328471,PADDING.
34,5eb42a8d-a8f1-4bc1-9c4c-067113303409,Thing #34,187,1521904041,PADDING.
35,3766d800-b184-4ea6-b287-9f69849c99f1,Thing #35,185,767027965,PADDING.PADDING.
36,24677250-3c30-4ffd-ad2c-2b43a1ee6f72,Thing #36,398,1474861450,
37,088300f8-fca4-4532-be17-c60c647d3b56,Thing #37,282,1541560513,PADDING.PADDING.PADDING.
38,e3f39913-ed4d-4f1a-8431-74d4a3cb7613,Thing #38,167,1462726123,PADDING.
39,e54b9129-ae65-41d2-850e-5fdb3a39f1c3,Thing #39,394,818905387,PADDING.PADDING.PADDING.
40,66c6f1c5-b9b7-410e-b98d-00a81e336300,Thing #40,481,1449081029,PADDING.PADDING.
41,a7b2a462-de22-4242-b5c7-a720c247383f,Thing #41,170,1159896929,PADDING.PADDING.
42,8681dc77-76ee-40dd-a144-8009c665618b,Thing #42,319,1122519588,PADDING.PADDING.
43,c5cdf16a-8929-4a31-9557-ead6760ca109,Thing #43,475,1300813396,
44,ad011afe-7a7c-462c-bb38-bdb1402e5c3f,Thing #44,287,704506311,PADDING.PADDING.
45,9fbfdc5b-cded-422a-830a-80d359a4f529,Thing #45,118,734102900,
46,8bbbe64b-35e3-4804-af29-200d2370b2cd,Thing #46,124,896489359,PADDING.PADDING.PADDING.
47,f1edc979-f0f1-4582-acb2-9e55cd632e5b,Thing #47,432,737045902,
48,a150f4f8-c0fc-4d77-b4cc-9f6d2e91fff9,Thing #48,240,1535195197,PADDING.PADDING.PADDING.
49,ba212133-55c6-4b19-b0d1-a91306ea9b20,Thing #49,176,1070088538,PADDING.PADDING.PADDING.
50,cf5babd5-c21e-4105-9bbf-fbd78168b6b0,Thing #50,144,820423541,PADDING.PADDING.PADDING.
51,8f8d4315-9174-4016-aa69-9a16bf522a43,Thing #51,483,1035092304,PADDING.
52,b1b25e06-dc96-45cd-a388-34976c61ab7e,Thing #52,102,1067905439,PADDING.PADDING.
53,80271a8c-a2fb-4936-9dee-4e4162b47e6c,Thing #53,131,1112256989,PADDING.PADDING.PADDING.
54,ec979c73-ab86-4ded-9986-6180a63ed306,Thing #54,322,1268956467,PADDING.PADDING.
55,a9c2d026-8555-4848-b385-9a26668b4bf7,Thing #55,308,787843284,PADDING.PADDING.
56,9948d7cd-12e9-4150-ba9f-e371443ab7d9,Thing #56,466,1585645936,
57,d7161e4c-326d-4c08-937d-2bf02e03cc73,Thing #57,140,1455482697,PADDING.PADDING.PADDING.
58,d78a782f-255f-4ae8-b728-5a17c60c26a0,Thing #58,357,1512587515,PADDING.PADDING.
59,4b463d23-ae00-4339-b406-0f9e42565c5e,Thing #59,339,1299417047,PADDING.PADDING.PADDING.
60,e0b942b9-e0a3-4668-8df2-0b0d5b977f30,Thing #60,200,1417250186,PADDING.
61,84240e65-a299-45cb-89b4-5ee72c3613ff,Thing #61,483,957474989,
62,6ec0f691-6ec3-4e62-a614-7b0b6a571d1c,Thing #62,347,1379800358,
63,e57124b7-298d-453a-8c87-2378ef1ddd51,Thing #63,262,754534549,PADDING.
64,463149b9-952f-4c31-89e6-4c34bbae755e,Thing #64,148,697312340,
65,d00155cd-d66c-4874-ba2b-a2cca42242eb,Thing #65,366,1384154280,PADDING.PADDING.PADDING.
66,ea57e210-36d3-4858-ac06-a5d1bbd25306,Thing #66,329,849524056,
67,7046dd08-da3a-48c0-b4e7-e2bd244b61ab,Thing #67,477,1164786714,PADDING.PADDING.PADDING.
68,c22abaff-f39a-408b-bf8b-c8d33fd86df4,Thing #68,299,1564925266,
69,731d4cc6-9a81-4a76-b4ff-e0566534cb33,Thing #69,392,846483233,PADDING.PADDING.PADDING.
70,af38ceaa-bc58-43ae-b2df-4c013be5de89,Thing #70,403,1052788640,PADDING.PADDING.PADDING.
71,4a8dd6f4-b28c-4ae6-ae1a-cd61885ebb5c,Thing #71,256,918363617,PADDING.PADDING.
72,fcdccf87-5fcf-4bcb-bef7-7e4820c6d285,Thing #72,257,1548653066,PADDING.PADDING.PADDING.
73,720fe652-8f6a-4aed-b2c0-f2cd1570d1c6,Thing #73,281,1031676190,PADDING.PADDING.PADDING.
74,44351ef6-8de3-4686-8f6d-81be81c7785d,Thing #74,117,1004230767,PADDING.PADDING.PADDING.
75,83164267-4d61-4d81-a1c8-96d5cdcb0c38,Thing #75,296,1178147042,PADDING.PADDING.
76,62e7720b-fde7-433f-908c-5fcd7064e77d,Thing #76,220,1091928676,
77,5580abc4-90bd-4509-9368-218a85eeb5cc,Thing #77,329,729388186,PADDING.PADDING.
78,15a62ab6-7ddc-4fb7-bd7c-3cc2b789ff21,Thing #78,120,1360543695,
79,0f45c31e-7082-4464-b359-3004d3c72cd6,Thing #79,364,1431028315,PADDING.PADDING.
80,15766b57-6ded-453a-9873-0a2a874476ab,Thing #80,481,1347189074,PADDING.PADDING.PADDING.
81,e47b12d4-8bab-41d9-bc5b-a10c96651c28,Thing #81,300,1252555640,
82,79e6f031-519a-48b3-ba81-88f020ecd069,Thing #82,433,1533784389,PADDING.
83,05e3dfcd-18c1-4efb-80a9-ac756178bbe4,Thing #83,385,767290914,
84,cf5245b3-f8cb-4feb-b0ff-88805d8093da,Thing #84,219,1278660462,PADDING.PADDING.PADDING.
85,b97f5f34-63e0-40d0-8f42-d997a5b480a8,Thing #85,362,748573733,
86,f3325900-2237-4f72-b7e8-07280cc14ccb,Thing #86,184,1042217328,
87,e1605084-64c6-42d6-9c95-f7a9b82c1fa7,Thing #87,143,1499525264,PADDING.PADDING.PADDING.
88,6321ea09-6715-4b69-b54e-0b36453eeba3,Thing #88,274,1297080177,PADDING.PADDING.
89,ac2d3a7c-52c4-483e-91cf-3a2442c6e8d7,Thing #89,436,1039789412,PADDING.PADDING.
90,8c9c77d6-854f-418c-993f-948771d29be4,Thing #90,444,1305983949,
91,3736209e-1937-476b-a3af-e3bfd299e03f,Thing #91,137,1238567056,PADDING.PADDING.
92,bfeefd16-0be1-4c99-b556-197a58e15a0d,Thing #92,106,762097044,PADDING.
93,dfb75b41-ec03-4205-9857-dd4fd84b713d,Thing #93,320,1608502637,
94,7f2fc762-b5a6-4e73-a84e-172be384cf15,Thing #94,217,1075091903,PADDING.PADDING.PADDING.
95,9dcb5ee8-ca5b-426c-b843-37585a8fe26e,Thing #95,382,1562168809,PADDING.
96,9f5c0822-0f80-4836-97c7-fe66fa1e7318,Thing #96,229,1619272498,
97,1e592463-1b08-4680-9f1b-0f770d1a76e1,Thing #97,155,1010340025,PADDING.
98,9d69852a-2535-44e4-bf14-8a70ade76e56,Thing #98,353,1486974938,PADDING.PADDING.PADDING.
99,4e3c0b9b-3354-44f1-9a10-5ecb9c2fb83c,Thing #99,367,974387861,PADDING.PADDING.PADDING.
100,0a6eb71f-818c-4988-b5d6-bb4951fb1698,Thing #100,428,1066463699,
101,c2e2adad-83a5-4637-bf79-53bb99fe323d,Thing #101,384,1342264956,PADDING.PADDING.
102,db31c857-c898-46d6-bc74-110d23907d27,Thing #102,206,1464595167,PADDING.PADDING.
103,167d01df-d7cf-4252-9294-d01a8c994c1c,Thing #103,167,804491766,PADDING.PADDING.
104,9431892a-4120-4fee-80bc-8aaf4b39c716,Thing #104,359,978899952,PADDING.PADDING.
105,2d063b90-f6fb-4f7f-bbea-5adc69cbde70,Thing #105,424,938927216,PADDING.PADDING.PADDING.
106,acc8f461-6184-4f36-9fc7-ab2e0f8491ac,Thing #106,274,1389663952,PADDING.
107,0c35d3a8-fed6-4fa6-bf1c-9872f5110f51,Thing #107,246,1120413617,PADDING.PADDING.PADDING.
108,2e755846-486d-4dd3-8a36-04a4dc4d72bb,Thing #108,416,718470773,
109,51a5379f-a0de-4020-b081-e7691a2dad0e,Thing #109,312,1606756224,PADDING.
110,0fda00fa-1589-41a0-b5a8-731713c966ea,Thing #110,405,1091160848,PADDING.PADDING.PADDING.
111,2a56ca85-b784-47f0-a54a-fdfead26f14d,Thing #111,398,1293547700,PADDING.
112,e5d1140e-b68c-4096-b811-4865bccf54be,Thing #112,109,1511276195,PADDING.PADDING.
113,11248926-3fc7-4f38-867f-101095d8f95c,Thing #113,161,965284660,PADDING.PADDING.PADDING.
114,7ded69e3-0bfb-455a-81ae-176c8e1b7479,Thing #114,445,1131159553,PADDING.PADDING.
115,a14caaec-be32-42e8-889b-1d851fd2be35,Thing #115,340,801211512,PADDING.
116,8973c083-77cf-43b3-a930-83570db04555,Thing #116,105,931200679,PADDING.
117,74c8565f-63d1-4232-bdca-18606b8a4494,Thing #117,366,1297298589,PADDING.
118,c970a6b0-c0f9-44b0-8201-29da464130e1,Thing #118,280,968364037,PADDING.PADDING.PADDING.
119,87b7836c-4e54-4b9c-9add-fe6936db68a9,Thing #119,367,1235385121,PADDING.
120,9c790e14-3c88-4629-a138-6505450fef2a,Thing #120,293,1030623479,PADDING.PADDING.PADDING.
121,af800bbb-4199-4a8d-adb8-cb8c2a2d304b,Thing #121,331,1634794276,
122,df405477-0689-408c-8e5c-143e0142189c,Thing #122,184,1193880734,PADDING.PADDING.
123,a541936a-dec5-4d1b-a82d-621ab4f7981d,Thing #123,462,876983890,PADDING.PADDING.PADDING.
124,8e76cfdf-66b5-430d-a43d-b8426f4f0bf0,Thing #124,153,1014898326,
125,b2c908b7-54d8-43f8-9635-8f64f555e344,Thing #125,196,1203033111,PADDING.PADDING.PADDING.
126,3c3e10c1-b057-42c8-8c82-69489b269af9,Thing #126,231,741833973,PADDING.
127,5e932824-295b-4904-94a4-1a53893d05b9,Thing #127,240,1207318925,PADDING.PADDING.
128,dc3b58cb-01ed-4bf8-8c50-90e7f3c43884,Thing #128,377,712004503,
129,efed3c62-cd0c-493b-88bf-e23dc83f445e,Thing #129,383,1400586215,PADDING.PADDING.
130,bf7f48be-f60d-4179-8917-805759c4d356,Thing #130,287,1054283571,PADDING.PADDING.
131,10b1a316-3825-4fff-92f6-2c54d4d1b473,Thing #131,321,1093320717,
132,c1337d34-6bb5-4a26-80b5-719c40afcda8,Thing #132,256,1039897017,PADDING.PADDING.
133,15d9af27-d642-426d-bbaf-33990dd0d8bf,Thing #133,145,1545606684,PADDING.PADDING.
134,ec52007b-4e5e-487c-9175-e5633bd48b45,Thing #134,299,1472771329,PADDING.PADDING.
135,59748d38-b7b5-4a4a-93c7-452b78a913a7,Thing #135,144,1513221220,
136,916409fd-362f-4804-8c17-e5ce03c4e54b,Thing #136,424,1107681321,PADDING.PADDING.PADDING.
137,403b9845-efbf-4ffd-a669-6bd0627a8aea,Thing #137,274,979819329,PADDING.
138,cea622fa-96a5-4b2e-ac0d-e6d693f74510,Thing #138,189,925324089,
139,6b997c27-0843-478f-81b3-2e88f916a735,Thing #139,439,1246467524,PADDING.
140,7008184b-120a-4f2b-980f-0a28f802d725,Thing #140,351,776263641,PADDING.PADDING.PADDING.
141,d5a96900-1ada-4f60-b066-00c7bc8a067b,Thing #141,303,1380147649,PADDING.
142,021cb781-da79-49d6-949d-377b3f620b23,Thing #142,472,1279681200,
143,435a0673-f492-4d7a-af5f-78992953f243,Thing #143,162,881247219,PADDING.
144,93d45928-a46a-45d9-93da-626b0405b371,Thing #144,259,827009662,PADDING.
145,55dd88d5-c02b-40fa-a6a8-2f3fb2629b08,Thing #145,305,1577281978,
146,477d34a4-dd12-4dd0-b396-a4922a66b2d2,Thing #146,444,1056936808,PADDING.PADDING.
147,f2ae043e-2f49-4916-a870-485d9f532da0,Thing #147,422,1321302220,PADDING.PADDING.
148,43f1c689-00fb-45c5-aac3-50a6c6137ff7,Thing #148,310,1046591944,PADDING.PADDING.
149,0dd5a1c8-3e04-491b-b112-adfb8948d280,Thing #149,414,1404428259,PADDING.PADDING.PADDING.
150,f52e6b4b-d3b5-493a-8d69-fd2c8ddf5dda,Thing #150,209,1243082045,PADDING.PADDING.
151,1e1735ef-0a85-43de-aec9-1ec5f02563ef,Thing #151,371,1426066383,PADDING.
152,dc37c777-3c89-42a6-aaaa-5fe6fd2dc31c,Thing #152,434,1480427124,PADDING.PADDING.
153,e936d64a-3d79-48c1-96ed-ad2c847fcb04,Thing #153,421,711453130,PADDING.PADDING.
154,a17a40ee-8502-4398-8e4d-824bea246c39,Thing #154,110,1573061686,PADDING.PADDING.
155,aa699c1d-e2a9-4b0e-a8c4-c6d090341502,Thing #155,201,754781676,PADDING.PADDING.PADDING.
156,431b500f-f1dc-489d-b250-c5430b55659f,Thing #156,420,1143137095,
157,bbe1679f-91f2-449b-ab68-f2fe2b5016a4,Thing #157,240,1082788354,PADDING.
158,ffd534a5-ae4b-4070-80b8-dced8fe7e326,Thing #158,366,900024152,
159,15992bb3-f48f-43b9-bc86-d0a249df5aaf,Thing #159,172,1213109084,PADDING.PADDING.
160,d6e655a6-0799-428a-a363-4717883bc617,Thing #160,459,1156265167,PADDING.PADDING.
161,616783b8-3254-4847-8b68-5f9db8ebbc4c,Thing #161,421,810115643,PADDING.PADDING.
162,afde6e50-6547-41ad-a835-72a2a084a4d8,Thing #162,336,1041630354,PADDING.PADDING.PADDING.
163,fc8d1560-4113-431e-a191-a173f346bb0f,Thing #163,323,981137818,
164,7bae5282-5a83-40b2-881f-8766ff0c75e5,Thing #164,119,1448579290,PADDING.PADDING.
165,300b7fbf-e4d9-4d5a-843a-e1fa3d135b0d,Thing #165,430,1615882499,PADDING.PADDING.
166,3f96e544-79a1-4173-8796-6286f4994b7d,Thing #166,151,850103334,
167,c7f2ddf3-5d96-4e33-a0f5-888fdff35aab,Thing #167,166,1468254975,PADDING.PADDING.PADDING.
168,8d759fd8-96a2-4047-af0c-26297a5ab520,Thing #168,241,1371159658,PADDING.
169,b0caf44a-d61f-497d-9e5d-a205b601cf8b,Thing #169,194,1385796925,PADDING.PADDING.PADDING.
170,fcb044a2-bd7f-4571-a86c-7a8e2b78c85c,Thing #170,401,1051726870,PADDING.PADDING.
171,894a3d07-f100-4f9d-baaf-cb30fb5258f3,Thing #171,188,1336624895,PADDING.
172,ae1c4605-fb64-4507-8b25-e93eea488fe8,Thing #172,316,959316031,
173,57c0ba68-e6d3-46f2-8705-84f1b7d9ca53,Thing #173,416,1133759840,PADDING.PADDING.
174,f3ab0fc2-de15-4e80-84c1-2e1c807b5a34,Thing #174,222,1640843175,
175,64340332-7ad2-44b8-bfa0-57e9ded986d1,Thing #175,177,1513589671,PADDING.PADDING.PADDING.
176,58d3d173-07e2-4ef4-9df0-2787fac21231,Thing #176,458,1554411722,PADDING.
177,c1b79380-9e0b-43b7-95d3-0f19cf32dd27,Thing #177,375,1580839685,PADDING.PADDING.PADDING.
178,8b77ae49-5190-4d81-942b-de8ff212f6ff,Thing #178,127,1273896526,
179,8f4ed193-9a26-468b-b13b-2f29af6c74a6,Thing #179,428,1084330189,
180,4830f451-5926-4082-9e56-b8a94cd00cd6,Thing #180,469,1175884228,PADDING.PADDING.PADDING.
181,9e5feb5a-4d34-4d88-9ea9-69091b12f704,Thing #181,309,1653343257,PADDING.PADDING.
182,70a05076-bbca-451b-9dad-d448c8237dee,Thing #182,414,1566398306,
183,03f78cc8-d7f3-4d89-9619-6ea42ad8d690,Thing #183,142,1319402153,PADDING.PADDING.PADDING.
184,01e36764-7d15-403e-810a-eea671781de7,Thing #184,230,865641108,PADDING.PADDING.PADDING.
185,091ae572-b5cd-45f0-abec-a60fe927b126,Thing #185,260,1038338070,PADDING.
186,4d3c845b-9e59-4e3a-a7df-e519cb92ac6c,Thing #186,221,1637250722,PADDING.
187,5393776f-3d92-4ecf-b608-4f7135b72a52,Thing #187,228,1466903451,PADDING.
188,170e0543-c3b8-45ef-90b6-8750c4bf2fbf,Thing #188,362,782220005,
189,8baa15ea-e33d-4fd1-bd01-09817d5ef865,Thing #189,250,1577300931,PADDING.
190,c35c8c0e-ab43-4fc3-822f-1b0e94e93b72,Thing #190,192,1121638851,
191,acc3c7b5-8965-44db-86f9-9c5d8f2e056b,Thing #191,398,1009243893,PADDING.PADDING.PADDING.
192,bbfe32ca-70d1-4994-882d-0ff654f73df6,Thing #192,412,1303909268,PADDING.PADDING.PADDING.
193,ef6bc2f0-8a0b-44fb-983c-103420220847,Thing #193,152,709423254,
194,2b23ebdf-0534-48d2-bca4-563a3c845041,Thing #194,469,1596349468,PADDING.PADDING.PADDING.
195,09f5110c-b294-4c1c-961d-076701680dc6,Thing #195,198,1584992653,PADDING.PADDING.
196,08e141c2-58ed-4b7f-b5c9-1013607b60d8,Thing #196,382,841464000,PADDING.
197,829a63a2-f38c-424e-9f2b-d3ff763cd513,Thing #197,482,1177086592,PADDING.PADDING.
198,ed5d0b02-87c9-425e-a4cf-5d391b0bab39,Thing #198,426,1623158003,
199,8db08518-2ac6-4c34-b588-e6951e47e808,Thing #199,268,1065696049,PADDING.
200,f9b9f114-afe0-467a-8fcc-769a07b0cca1,Thing #200,151,853474296,PADDING.PADDING.PADDING.
201,700e05f6-63b3-4117-b66e-f4e343802399,Thing #201,209,1553301475,PADDING.
202,a7f51cc1-5485-49e1-be1f-d282e7ef7728,Thing #202,237,1569036134,PADDING.PADDING.
203,75ff3dde-36c5-4c26-8d33-ea79c1f5f4dc,Thing #203,190,1045449408,PADDING.
204,378733fc-5ac8-4f4b-9d57-d332199877d1,Thing #204,301,1187791372,PADDING.
205,f91c425d-403d-432a-b520-dbb091747381,Thing #205,292,1308663969,PADDING.PADDING.
206,bdec2442-305c-4f28-b53d-711dc6ff77fa,Thing #206,181,1092812191,PADDING.PADDING.PADDING.
207,9bbb3285-418c-47f3-84bd-c1068debbb7a,Thing #207,117,1295215794,
208,71f1d1ca-6469-439c-9ce6-f9f885ea4547,Thing #208,273,1157548472,PADDING.PADDING.PADDING.
209,dc13bdbc-7cf9-43ca-8321-41854c07f8b5,Thing #209,160,1578556710,PADDING.
210,4f0abbc0-e80c-4d8e-ab36-4eb9651acc62,Thing #210,314,1654183958,
211,22d6c092-7095-4e0e-a5d7-8d03a037645d,Thing #211,235,1311394143,PADDING.PADDING.PADDING.
212,c9125df0-85b3-4851-915c-c268d700f6d7,Thing #212,340,1156413439,PADDING.PADDING.
213,eb37aa70-fc00-464b-adb0-76836fecf02f,Thing #213,366,1105561757,PADDING.PADDING.
214,d4c00def-ba3e-4431-9b89-44118360f33d,Thing #214,294,984432029,
215,77547bd1-a805-4430-9abc-72a2a04abafc,Thing #215,166,1381895050,PADDING.PADDING.PADDING.
216,4c2a1c29-6673-4273-a4f3-d18ab3914cb0,Thing #216,360,1531657619,PADDING.PADDING.
217,dc501212-ceec-4fe4-9561-1dd35c496f9c,Thing #217,262,1657066417,PADDING.
218,f0c4e7df-9136-480e-987a-44466d9f9baf,Thing #218,393,1432219587,PADDING.
219,e97bcf44-6e2a-4922-b426-0524a5fc37a1,Thing #219,318,1131717000,PADDING.
220,12381bb0-923f-4120-a89f-0487e84e1af5,Thing #220,288,1312730127,PADDING.PADDING.
221,97a75718-6014-4a34-a16f-7e9fb8c1bf83,Thing #221,342,1319390496,PADDING.
222,5b516ea8-1b18-4634-b2a6-4fb415930db9,Thing #222,384,1048310851,PADDING.PADDING.PADDING.
223,0bf55b1a-c717-4e5c-84dd-57852dfffbab,Thing #223,122,716578913,PADDING.PADDING.PADDING.
224,9caf618f-2891-4e03-90c8-8a1235943d2f,Thing #224,148,876212393,PADDING.PADDING.PADDING.
225,c06b3d94-d4bd-4308-b9f3-0feebd303019,Thing #225,262,1573446590,
226,28f08a22-6231-40d2-a9d8-a22880df549a,Thing #226,214,1173128535,PADDING.PADDING.PADDING.
227,06d0d22b-fa4c-43a6-a847-494b7a20dedc,Thing #227,401,1570551976,PADDING.
228,0fb55306-7206-47a6-af61-138af7650342,Thing #228,295,684226422,PADDING.
229,6dbb7871-a2d5-4a87-b150-c8b5c9eb9091,Thing #229,127,1547627775,PADDING.
230,159032f6-384a-4fea-83f9-44c390d793cd,Thing #230,499,1471914737,PADDING.PADDING.
231,2b23dd2e-7bb5-4f88-9d26-759737600fbc,Thing #231,243,1496403184,PADDING.PADDING.PADDING.
232,cc775746-1520-4df7-a707-c3bd6d8d2917,Thing #232,439,1087457894,
233,1e54e390-c72d-4f11-8b88-f35a168c015c,Thing #233,412,839400223,PADDING.PADDING.PADDING.
234,92ea8c88-7e8e-4fa1-80d3-b909cd832518,Thing #234,406,1652388733,PADDING.
235,6b5e82d6-7c66-405e-abd0-6687aa6d70a4,Thing #235,485,1084810162,PADDING.PADDING.PADDING.
236,38ab39e7-4529-4e8f-ac80-599c1174ccf3,Thing #236,414,1565628593,
237,19e77ff6-0eae-4cd0-b2e3-38c3ca97ad50,Thing #237,255,1423070866,
238,90e7102d-dd1d-4b43-b031-4b3a5e533200,Thing #238,406,1159473495,
239,940a4967-7409-4fe7-8254-db9c08ac2bf3,Thing #239,101,698523748,
240,19fa9929-a319-4ae4-92bc-8b9f57445030,Thing #240,463,1391577281,PADDING.PADDING.PADDING.
241,971873aa-4b44-4119-84bf-5b0878670369,Thing #241,232,1371859201,PADDING.PADDING.PADDING.
242,fab8f24a-210f-4c14-b850-e814bcbb355b,Thing #242,125,819751374,PADDING.PADDING.PADDING.
243,ce1e3954-04d9-4e7e-8a77-64e87832c114,Thing #243,101,947631876,PADDING.
244,72d945f0-ad8f-4557-ae06-f6805cea4b38,Thing #244,308,844400921,PADDING.PADDING.PADDING.
245,864aaef9-8e3f-4674-9e99-563387c3cf4a,Thing #245,114,1000362992,PADDING.PADDING.PADDING.
246,607e115f-3963-4648-8ef3-7658884adc86,Thing #246,264,693195819,
247,75f01caf-1d16-4b1a-be18-5c08db43520a,Thing #247,300,1558988016,PADDING.
248,029415c5-26cf-4e30-a991-5ab03edca3c9,Thing #248,495,1221804562,PADDING.PADDING.
249,48d11b4d-1e6f-415e-b865-9d24480f8825,Thing #249,378,728245710,
250,22c44539-34de-409f-aacc-8b9d479590cf,Thing #250,363,1583550231,PADDING.PADDING.PADDING.
251,1f977f4b-27e3-4855-996f-d14ba415aa01,Thing #251,311,834727943,
252,1b432919-0813-4353-ba81-15f0891b834b,Thing #252,172,1608546518,PADDING.PADDING.
253,4dac424d-50a7-4e3f-9f45-82d74d43c67a,Thing #253,241,1179906505,
254,ab13713d-4cd3-4adb-9d1f-8f555ba9222f,Thing #254,414,1159107992,PADDING.
255,7afb6e9e-2e74-46c7-bc75-15b419f19c84,Thing #255,238,894265102,
256,a1513a57-b61e-485f-85ce-d9bf5906ea62,Thing #256,137,1086751127,
257,673940f6-66a1-4ba5-9114-5e7f6bec4092,Thing #257,294,840631927,PADDING.PADDING.PADDING.
258,e41f5121-05fd-4754-a072-c3028abaa14c,Thing #258,135,1565976246,PADDING.PADDING.
259,086ecf4e-5c2d-4caa-9582-70e959632124,Thing #259,328,1400876945,PADDING.PADDING.PADDING.
260,ee53dcdc-a8ea-4515-8245-434206a1ef6b,Thing #260,156,1628672890,PADDING.PADDING.PADDING.
261,09d48ae1-e953-419d-a590-75fbe7d2844e,Thing #261,172,1056609314,PADDING.
262,be5bd0e4-6f82-482e-ab0d-9d15c911ff78,Thing #262,102,1370682715,PADDING.PADDING.PADDING.
263,c4be08bf-3388-4d1f-866f-63ece4c91484,Thing #263,189,1185980038,
264,9b58ad9b-a1f8-473a-99c8-9fd3f2a8a281,Thing #264,200,1251715458,
265,a8f70e98-8e4e-49c5-a11f-944c3a68fa1f,Thing #265,387,1236045272,PADDING.PADDING.PADDING.
266,59deeba2-447b-4883-b6f7-f4e0f8aa62e9,Thing #266,498,1253186713,PADDING.
267,bb2d7cca-0a0d-41c7-89de-7d3253f3fc05,Thing #267,153,810148896,PADDING.
268,7bbe44c1-5f16-4c9c-b655-8da4d7deeb70,Thing #268,232,879702327,
269,e55baba5-22ea-4e6e-a476-2da103d19daf,Thing #269,158,1346654561,
270,47ab5111-9cbc-45c8-a6cc-465755a0af20,Thing #270,149,1443177590,PADDING.PADDING.
271,ee376047-9455-495a-b98f-abbd4c878525,Thing #271,316,1487444085,PADDING.
272,9090aae7-6426-486f-8dd9-49e369592c3a,Thing #272,472,1449970162,PADDING.PADDING.PADDING.
273,7b187246-5a4c-4fee-91a8-b7bc543e3898,Thing #273,333,1625361058,
274,7550244f-bad2-468c-89d3-f0c3458afe50,Thing #274,301,1117351473,PADDING.PADDING.PADDING.
275,4d562d8e-0316-4f4d-86fc-a09e529655bb,Thing #275,105,1129458016,
276,0a2c1e7b-9f83-4b40-a51e-15d8ffccbf11,Thing #276,255,837863081,PADDING.PADDING.
277,2adb3cb6-5b52-439e-b9f2-0007ebfee647,Thing #277,291,995739857,PADDING.PADDING.
278,79ee0713-ea15-4301-9f8e-c81955d85dd5,Thing #278,412,1322703010,
279,4c61131f-f4a1-4bee-bf62-70506a07f752,Thing #279,236,1127718815,
280,2de9e273-543c-4eff-81c5-6625b0f309ee,Thing #280,311,1451086907,PADDING.PADDING.PADDING.
281,d1cc5244-ece5-4e05-922e-dcdb28d3f189,Thing #281,299,1045439310,PADDING.PADDING.PADDING.
282,6fb1c256-027f-4d92-8ec7-cdd03f9e4ce3,Thing #282,301,1338326839,
283,d1996d2a-16c1-4790-ba41-6f773e02fdc5,Thing #283,281,1068849873,
284,8dec5a09-494a-4b2c-b324-a080733133f2,Thing #284,389,946825106,
285,59ea58d1-c7c6-4bef-a9db-61ff0a712a1c,Thing #285,474,1406559748,PADDING.
286,6bb1a618-df75-4ec4-879e-4733587e6c51,Thing #286,166,1155387250,PADDING.PADDING.PADDING.
287,8caf6c22-30bf-4376-a4a3-365c6f93d6c8,Thing #287,223,1199197079,
288,f16be4fd-83e1-47e0-a819-88582971c3f7,Thing #288,483,1172754821,PADDING.PADDING.PADDING.
289,c6ec1e38-2c41-46d5-ab5b-bee71d36ff6c,Thing #289,262,1475180318,PADDING.PADDING.
290,3b62db64-9b11-48f5-a80d-48a3e136e854,Thing #290,210,1442136488,PADDING.PADDING.PADDING.
291,0fac686c-463e-4f8e-9da0-049725053514,Thing #291,173,1654097175,
292,2a625185-de90-4116-875b-252256716144,Thing #292,481,1618304116,PADDING.PADDING.PADDING.
293,ad66fff1-17a7-4fde-bc3a-dd85a42445ed,Thing #293,364,869185207,PADDING.
294,894c4913-e72a-40b2-93bf-f7e69a8aecd0,Thing #294,235,1258494467,PADDING.PADDING.
295,3ec5873f-a116-4a90-8824-9ae097a4cd48,Thing #295,405,1536775699,PADDING.
296,80ffefa5-ec70-45d5-8500-d4682246ef43,Thing #296,263,1493258013,PADDING.
297,faf4a5a7-ede0-4a32-a4b1-b91808e11b9d,Thing #297,247,1154203140,PADDING.PADDING.PADDING.
298,fec03fbf-a45a-4a50-8777-f4bf4a6fb656,Thing #298,310,1246354185,
299,99db66e1-f5c3-449e-b5aa-f4a91094a99c,Thing #299,147,785902273,PADDING.PADDING.
300,abb62f6a-201e-4b22-9f3f-97d8b97ae849,Thing #300,304,1128466603,
301,e5d60486-e3db-472d-bf45-5faf5ff0b5c1,Thing #301,125,1240097743,PADDING.PADDING.PADDING.
302,8c1b780f-2259-4e0d-b430-c95c4ad0ef9c,Thing #302,443,1434657866,
303,a7326d44-895c-440f-b265-003730955f98,Thing #303,314,1393869683,
304,e0e2198f-ef01-4510-a40a-8397694ae127,Thing #304,192,1090832772,PADDING.PADDING.
305,883d90d7-1ffe-4796-ae3e-f0d445363b27,Thing #305,180,1529592688,PADDING.PADDING.
306,384f1d5f-52e2-437a-97cc-42c62d978966,Thing #306,425,1539149026,PADDING.
307,4177d752-c0b0-4a5e-a11c-34b120946c1d,Thing #307,435,1593378148,PADDING.
308,3b2cd7a5-0bda-4689-8941-19c9d238009a,Thing #308,271,1026043693,
309,9fb79669-e1c4-4aae-b184-db4668f1de77,Thing #309,476,1379178195,PADDING.
310,58cb81bb-95a5-4b27-a601-ca102ca714b9,Thing #310,446,1443524281,
311,23bae12c-b2b7-4cbf-9e24-80d9c62aa671,Thing #311,118,974534567,PADDING.
312,37028b9e-5d77-4244-9fa7-966668dcf518,Thing #312,393,802451139,PADDING.PADDING.
313,a3d54f35-2755-45bc-9240-e60bf9a8fef1,Thing #313,373,1558185352,PADDING.
314,a7a99b2f-9735-4156-907e-d1108777643b,Thing #314,304,719699727,PADDING.PADDING.
315,2f8c9f29-ff4c-4e2e-9971-d899535b2299,Thing #315,460,1021752200,PADDING.PADDING.PADDING.
316,6a9cea07-fcc9-49b3-af93-99db46763acc,Thing #316,432,812917673,PADDING.PADDING.PADDING.
317,1106486e-6e9d-4b4d-bccf-0b13cf19f462,Thing #317,219,1021862885,PADDING.PADDING.PADDING.
318,dcc9a4b8-c48a-4126-a78b-ce70feff7f7e,Thing #318,283,1529913473,PADDING.
319,037d78ae-26c0-4ad5-aa7a-2801645d37dd,Thing #319,157,1171777620,PADDING.PADDING.
320,01004904-2b8b-4df2-9618-c45bfe76eeaf,Thing #320,222,1092009714,PADDING.PADDING.
321,41f35fe3-02fc-45d5-98ef-eecfc4d88f3c,Thing #321,128,825111837,
322,bb9fa188-ffd2-4cbf-9e62-67b8f88f56d3,Thing #322,418,1037774284,PADDING.
323,fd72e90f-06ec-4b8e-b75e-0354f9386ff2,Thing #323,248,1379091564,PADDING.
324,060895fc-b25a-400d-9831-3bfb6f7583a1,Thing #324,171,1100576255,
325,6044b0da-9b06-4470-bbef-9811898c6a3f,Thing #325,181,1558436537,
326,e184a22c-e294-4338-a3c1-d33f80ef4e6e,Thing #326,209,1008604724,PADDING.
327,86085351-ed30-4d8a-885f-8c4543e33dae,Thing #327,342,1012731439,PADDING.PADDING.
328,2b94d130-3b73-4b4d-ac96-da84a3cf3b4f,Thing #328,121,1362729979,PADDING.
329,04139f82-a80a-47d3-9225-305222e51cba,Thing #329,113,769752834,PADDING.PADDING.PADDING.
330,cdbb65cd-af3b-4d3d-86d3-f58c64d7a101,Thing #330,433,859561630,PADDING.PADDING.PADDING.
331,299e199a-6c11-4342-b451-c829be698412,Thing #331,118,755431531,PADDING.PADDING.
332,f8924a74-ad9c-46d4-9bff-d3694d4c884b,Thing #332,470,1491849906,PADDING.PADDING.
333,8d643839-d496-4ca2-8698-e7f6c83528b2,Thing #333,329,1524404882,PADDING.
334,5c80dc4b-1bc0-4d9d-9000-be72aa3cdf17,Thing #334,451,1605266917,PADDING.PADDING.
335,73b89ee8-fe52-4a54-af2a-0fda734a68c0,Thing #335,382,701044685,
336,dce3376c-5646-4114-87d7-4fe561504499,Thing #336,473,1342182630,PADDING.PADDING.
337,1689336c-2ef7-4e00-a0fc-30dfec2d0b2d,Thing #337,485,1367608420,PADDING.
338,854c2917-9206-4d20-992f-4b2f7777fb15,Thing #338,259,1359576723,PADDING.
339,c9630346-97cc-4354-9193-58cd5b0b5f78,Thing #339,100,1049454651,
340,fdef1ce4-6af2-4b7f-840e-77e8cf5ed6a4,Thing #340,470,1242144217,
341,0b1193f6-135b-436f-9972-f18af385749c,Thing #341,109,1445357052,PADDING.
342,98a559a3-f59f-42eb-8fa7-8e30ed7f82d0,Thing #342,242,1500401160,PADDING.PADDING.
343,7bcd3afb-1485-4eff-a663-86a16e4f63ef,Thing #343,154,1052341051,PADDING.PADDING.PADDING.
344,ad0fd1d3-04bb-481a-bb70-5e2959fa83f5,Thing #344,486,1313387651,PADDING.PADDING.PADDING.
345,e00c91b4-8e75-4f7b-91b7-d3dd95bae677,Thing #345,343,1146131571,
346,d88395a3-7803-44f4-967f-636d5787e618,Thing #346,455,1011322088,PADDING.PADDING.
347,573ba732-1e16-48fc-b9d9-edfbba5b47b0,Thing #347,317,1576723042,PADDING.PADDING.PADDING.
348,7c915421-4769-437c-bed9-76d7fca232aa,Thing #348,320,1634052942,PADDING.
349,cfd496c2-53ca-4a23-9fae-894b70d654b8,Thing #349,182,1480042568,PADDING.
350,e6b9f8c3-dc7f-4b97-a1b1-f3a01e5d713b,Thing #350,303,719573967,
351,ce89e977-a652-489e-919f-afdd6cb812a4,Thing #351,303,985701504,PADDING.PADDING.
352,92aaa00f-3997-4651-8a8a-ded5ef8b96c5,Thing #352,222,740238488,PADDING.
353,4f42d872-af50-4884-ad5f-17860e1e35f4,Thing #353,499,1559109020,
354,09549895-783f-46c5-9bf4-1c11523c0f05,Thing #354,387,874827374,PADDING.
355,e34e395c-7fac-481a-88bc-8b9f56ade0d7,Thing #355,306,1139525696,
356,8fae94c2-0fc7-44bb-bd54-6959b3c8224a,Thing #356,465,1275979519,PADDING.PADDING.PADDING.
357,755c50ac-8ec1-4513-aa06-3308905c257c,Thing #357,166,714888337,PADDING.PADDING.
358,7c2faa22-5851-49a1-b403-5ecae9e23738,Thing #358,442,1541464216,PADDING.PADDING.PADDING.
359,be6bf467-3792-4d82-916a-e0f62ace16ec,Thing #359,186,1252622430,PADDING.PADDING.PADDING.
360,d20da697-a729-4c4d-a70e-a88f060e656c,Thing #360,155,1644877256,PADDING.
361,4f65871a-ef88-4117-b4e4-f81e276b03cf,Thing #361,212,1330692991,PADDING.
362,8bb77d96-b7ee-4c3b-bb81-d921c213e861,Thing #362,283,1125983587,PADDING.PADDING.PADDING.
363,fc000de8-2c48-4c45-b443-e9bf89e5d428,Thing #363,318,1046162011,
364,4be9d47a-f0f5-40a4-bb7e-d4ad7351813a,Thing #364,197,1025417631,
365,29a6868e-bb9a-4ae5-bfe3-749365e045ab,Thing #365,190,1059753040,PADDING.PADDING.PADDING.
366,fbb3aa64-49ab-4c56-8d4b-b9a1a41d2ffe,Thing #366,284,877404738,PADDING.
367,fcf57e0a-73f4-4512-a19a-d5989194387b,Thing #367,121,1236832518,PADDING.PADDING.PADDING.
368,dea53815-9f1a-4709-a30c-5a8304109fe0,Thing #368,391,1419231332,PADDING.PADDING.PADDING.
369,aaf7d726-176e-4e8e-abfe-cb1a112ad57b,Thing #369,183,1082051656,PADDING.PADDING.
370,ea008d37-86da-438f-90ef-e82975b8d772,Thing #370,481,972832779,PADDING.
371,a0017077-84cb-4e62-a2f1-505d3137ddf6,Thing #371,102,1169609170,PADDING.
372,f62f2319-954e-4018-902c-38d376940fce,Thing #372,474,1217580396,
373,c0cfdda7-0e61-4d57-9329-1b996af0f8af,Thing #373,187,1361599832,PADDING.PADDING.PADDING.
374,224d65e2-4149-4833-9999-0f8d23c45ccb,Thing #374,441,1223876011,
375,730eabd1-e90a-4b78-a63f-f37b4609a678,Thing #375,324,1368505353,PADDING.PADDING.PADDING.
376,b013204c-2571-4abd-9aca-3b74b2bbd37e,Thing #376,142,1642787690,PADDING.PADDING.
377,67605e28-c5db-4d12-b485-b1d762419702,Thing #377,122,1395677443,
378,8b9a04dc-da1f-48c0-931c-39a53f0f10e8,Thing #378,392,1003423132,PADDING.PADDING.PADDING.
379,3dc2e4ba-4372-4a42-bb2a-5d624decb6ef,Thing #379,462,985469754,PADDING.PADDING.PADDING.
380,361412d7-0375-41d9-938a-fed1cd2d52f1,Thing #380,354,1472283859,PADDING.PADDING.PADDING.
381,3f0ca8b6-2fcb-4591-a818-5c3fb8260daf,Thing #381,162,1106147187,PADDING.PADDING.
382,50cc4c13-350c-49ba-9f9e-65d99ca37841,Thing #382,373,1412153905,PADDING.
383,9f15a084-3034-466a-b1ec-dcb88a8d78d9,Thing #383,380,811351134,PADDING.PADDING.PADDING.
384,904e5ca8-95ba-4c5f-9fce-a6df6c8b80aa,Thing #384,120,781350479,PADDING.PADDING.
385,7b327d1d-5584-495b-89f6-973a12351427,Thing #385,259,1147688691,
386,8d03dc62-4dfb-46db-8437-a0fc10fe89b1,Thing #386,144,1334153971,PADDING.PADDING.
387,c146cb9c-4995-4c32-8c2c-e66be068333a,Thing #387,216,1215917954,
388,eca7440d-f8e0-45cc-b6e4-085e522a801c,Thing #388,232,701860341,PADDING.PADDING.
389,144c6aa1-432d-448d-9c5c-067008f81ac7,Thing #389,464,1023681608,PADDING.
390,2799d6b6-0ad6-4354-851b-8f0d26cbd023,Thing #390,331,807299363,
391,47a34ed9-fe7e-4d70-840d-65e353f1f133,Thing #391,226,790923821,PADDING.PADDING.PADDING.
392,a28d3c5a-a5b7-4a42-9dd3-691161352be9,Thing #392,466,839786207,PADDING.PADDING.
393,ab48d10d-5689-4d6e-b2bf-300415692314,Thing #393,187,1618382185,PADDING.PADDING.
394,79bc4422-8147-4df7-aeb4-cdfa5e19a494,Thing #394,421,1210569652,PADDING.
395,977d2d6c-bec4-43be-903e-e215d7618756,Thing #395,309,1291467405,PADDING.PADDING.
396,12069c55-9074-4571-a64e-6d98a06bfe57,Thing #396,288,1308353540,PADDING.
397,629e88e7-c013-4bc9-9b4e-a58c87846d97,Thing #397,119,802197552,PADDING.PADDING.
398,649b2f65-020f-49e3-8e95-dc3471c98b9d,Thing #398,205,1005189657,
399,abcb7b5d-dcd4-4921-853e-5bcbc0717805,Thing #399,241,1029081250,PADDING.PADDING.PADDING.
400,8a3099f2-83aa-46cd-a76a-c31a8360a24e,Thing #400,153,1485204824,PADDING.PADDING.
401,f4f7cc00-cdac-4368-997a-872755d2a8a1,Thing #401,424,1454190127,PADDING.
402,01995fa3-af9d-44c5-be9c-d178060cd5cf,Thing #402,361,782950328,
403,f5e979f7-da0e-426e-827e-a50e59dd9715,Thing #403,258,1455720371,PADDING.PADDING.PADDING.
404,12ee59e5-3e2b-4e35-a8d4-82d551f3d346,Thing #404,396,1573202921,PADDING.PADDING.PADDING.
405,49f110e9-b4fd-412e-8706-027815b2b80d,Thing #405,146,770211084,PADDING.
406,075a8285-d253-4ac6-a6e7-77086546894a,Thing #406,397,880942136,PADDING.PADDING.
407,3730890d-6544-4df1-bcc3-d607e197d569,Thing #407,303,1650854696,PADDING.PADDING.
408,7a5e035e-a1fd-4a0f-b95a-fc6c6c378cc6,Thing #408,435,805416311,PADDING.PADDING.
409,a9e06fb7-7c66-4db9-a20a-6529dc1fa5f6,Thing #409,191,863529006,PADDING.PADDING.
410,e965f502-acfb-42b9-90de-186160c5cd6d,Thing #410,456,1241612186,
411,f04df30a-1637-4e6d-bfa7-653f2699fea6,Thing #411,184,1424076376,PADDING.PADDING.
412,0a951ea3-3dea-40a3-94d2-728d2d665b49,Thing #412,253,1350611848,PADDING.
413,c345a70e-aac2-411a-ab04-424bb13e8c80,Thing #413,281,1024591085,PADDING.PADDING.PADDING.
414,3846c54e-738b-427a-8eb2-afa8c1a8f684,Thing #414,350,1488074214,PADDING.
415,a695afd4-07bc-427f-ad00-115ba0617b10,Thing #415,314,1546543130,PADDING.
416,0f9210cd-2d3c-422d-9258-3c68e115ad36,Thing #416,142,758060736,
417,8a29154a-039a-471c-9016-8e11393dd833,Thing #417,160,1446697201,
418,56eff041-9264-4a86-b6bb-017c11ae4a4b,Thing #418,217,1384795000,
419,7457444c-15aa-472d-a84b-45754321f172,Thing #419,134,1294829955,PADDING.PADDING.PADDING.
420,b480f4dd-1f77-42a3-8596-d478703384b2,Thing #420,282,1414820892,PADDING.
421,4ee96c0d-60dd-44f1-90f7-c44638e53f4d,Thing #421,439,933141709,
422,7c225136-27c6-49f2-b1ab-62d1e72367df,Thing #422,276,864599698,
423,17fdde27-4827-4b5e-9fa6-04eefb4b8e51,Thing #423,400,1234754990,PADDING.
424,13dc41a2-c26d-4b8c-8df0-90f1bff30286,Thing #424,489,1607623936,PADDING.PADDING.
425,a32f53c3-99ca-4193-92d5-1866f962ed84,Thing #425,159,690963059,PADDING.
426,299e9d31-2df4-457f-ac6e-43b90835179a,Thing #426,417,1036706865,PADDING.PADDING.
427,201b1893-4e75-4845-b608-4804b4df2e2d,Thing #427,178,1107552739,
428,2a659b61-0cb7-4af4-bdf1-355373e23153,Thing #428,460,769159878,PADDING.
429,d8f96345-bb85-4599-916c-50967904689a,Thing #429,112,1605325532,
430,59f98bfe-c4b2-497e-8836-1337891940e1,Thing #430,101,920382975,PADDING.
431,96c531f5-ceb0-4292-8c88-a70dea9412f6,Thing #431,316,1597093534,PADDING.PADDING.
432,4a389e3b-3b0b-43c8-b500-4224c4839a5f,Thing #432,247,1469319461,
433,b0016a36-32b1-4381-b622-d79d5c128b53,Thing #433,369,1291731057,PADDING.
434,a034762f-2c43-455b-8e9c-4a5af566bee1,Thing #434,214,1397963433,
435,050130fd-a614-4745-ad84-6c8840025066,Thing #435,237,1285463206,PADDING.
436,f75da08d-d6a6-4b1e-a2ee-524e85547175,Thing #436,377,1047735190,PADDING.PADDING.PADDING.
437,61fd0d6e-1e5c-4174-8b8a-93d6d613a40e,Thing #437,223,1602202062,PADDING.PADDING.
438,c071dd59-e55d-4a4d-9d60-1f0534131253,Thing #438,317,1253421734,PADDING.PADDING.PADDING.
439,ee7b1169-92ea-450d-8131-4dee2a67c9dd,Thing #439,357,689734554,PADDING.PADDING.PADDING.
440,9fba3898-33e8-4478-b572-8615c805b47d,Thing #440,419,1552964758,PADDING.PADDING.
441,347fbec9-c570-4de1-bd6f-dba491db4d8c,Thing #441,431,770317168,
442,adba4455-67fb-4134-b611-bc60c6fe705f,Thing #442,283,1322490497,PADDING.PADDING.
443,002cce48-b4d9-4683-b855-ad12309490f8,Thing #443,362,760893835,
444,da601435-f395-4d99-85ce-06ad33f11f4d,Thing #444,222,1640290154,
445,40daa88e-e299-4278-bd46-2c41ad3cf6dc,Thing #445,216,1227048554,PADDING.PADDING.PADDING.
446,54afc200-5d8d-42f9-b9db-7f158bc72dd6,Thing #446,154,1653879748,PADDING.PADDING.
447,d719a917-e758-492d-98f8-6443db8a6427,Thing #447,325,1305027280,PADDING.PADDING.
448,13e11313-c582-4ed8-91ec-80d0d470505f,Thing #448,271,1346290156,PADDING.PADDING.
449,3d4793d3-c9c1-4c24-8c5a-49e1c31afd87,Thing #449,431,1654993724,PADDING.PADDING.PADDING.
450,c39cb97a-605e-4f17-8ada-da5e137fd7cc,Thing #450,124,715061755,
451,3a4ed3cd-50e7-4d1c-a36f-0ffbdfb1e8de,Thing #451,252,918229478,PADDING.PADDING.
452,a35059ae-b594-4ae2-8b3c-8976846f5895,Thing #452,291,1030831023,PADDING.PADDING.
453,947d4004-4aa1-403b-8af5-d6840800b474,Thing #453,436,1251662010,PADDING.
454,2b45d83f-77e0-40b5-b977-0af9d3b38ba1,Thing #454,157,802831790,PADDING.PADDING.
455,b0053e29-efc7-4101-98fa-6f001d412da5,Thing #455,329,1279370845,PADDING.
456,8965c9e7-223a-4c83-a3a2-f9a2a762d456,Thing #456,432,1141259620,PADDING.PADDING.
457,50800739-d8c7-457a-bac0-28e931e11ff4,Thing #457,321,1391686552,PADDING.
458,7f084f00-d153-4999-9f9b-91abb605fed9,Thing #458,366,1415099421,PADDING.PADDING.PADDING.
459,314439fb-5600-487f-ae53-5f2b569125ea,Thing #459,115,1271660500,PADDING.PADDING.
460,4214d3f9-c25f-4e8f-a685-b214da7c29a8,Thing #460,498,705128261,PADDING.PADDING.
461,90542e63-bfb5-4c01-9205-79272ad452db,Thing #461,389,1061577718,
462,955f3837-496f-4e86-b250-255571ee4088,Thing #462,397,838845077,
463,f3a43822-78a4-4875-8bb0-4f6854ab07b8,Thing #463,216,991092492,PADDING.PADDING.PADDING.
464,ea66b6d6-35d4-44ba-9603-333b031d8e71,Thing #464,254,993543265,PADDING.
465,a9e6a346-f80f-41b5-9342-e398d34458be,Thing #465,314,901745977,PADDING.
466,67a2ee42-9b6f-44fd-b1b8-d265a404f1d4,Thing #466,329,783552300,PADDING.PADDING.PADDING.
467,944e4555-5718-4db1-bd9a-1a97f43e0da4,Thing #467,222,846244336,PADDING.PADDING.PADDING.
468,ab15ca65-02e4-4f54-b5b7-da6cf9ae0a91,Thing #468,459,878603500,PADDING.PADDING.PADDING.
469,8d979b45-f22b-4372-90c0-70ec681633b8,Thing #469,470,951788127,PADDING.PADDING.
470,3cdd3766-58d0-4e39-bf28-6816350ca0ad,Thing #470,195,1010204700,PADDING.PADDING.
471,610927aa-ef41-4b88-9c97-0c9f034ece8d,Thing #471,386,706355448,PADDING.PADDING.
472,ad63f322-f1ee-4356-8d14-ac68d75838e6,Thing #472,401,1408055015,PADDING.PADDING.
473,13c77989-a9ff-48b2-9692-5c66a0394042,Thing #473,134,1222716827,PADDING.PADDING.
474,e01edff6-c521-4888-b468-ac7790f7c53a,Thing #474,167,1038450955,
475,a94a6f70-4c4e-465d-97ec-93d16799754a,Thing #475,164,727633448,PADDING.PADDING.
476,be9c936b-0c11-4eb4-95fb-f9852a6d4915,Thing #476,254,1274756242,PADDING.PADDING.
477,d4ae6a4a-6ae2-4014-b2b2-4f13141858c3,Thing #477,441,1261990994,PADDING.PADDING.PADDING.
478,b2a7bb3a-dcae-4840-8b88-53c393ca5880,Thing #478,374,1523498147,PADDING.
479,7e2e46f9-cc62-44cc-90e9-92483339a70a,Thing #479,411,1042087368,PADDING.
480,abc996ff-b3ec-45d7-9ddf-05f52def7457,Thing #480,404,1235665763,PADDING.PADDING.PADDING.
481,63ec7234-1995-4794-9116-bf74673e0329,Thing #481,327,1083340554,PADDING.PADDING.PADDING.
482,0d0edfbc-857f-4058-8f12-2ab4b02d41a2,Thing #482,209,933679539,
483,e9d4da2c-7f2d-4b2b-a79d-fa14ddc86a1e,Thing #483,189,1503314491,PADDING.PADDING.
484,3f2f43db-c779-41d0-9aa2-0a77c3af53cb,Thing #484,344,1642002787,PADDING.
485,c96df0b2-89fd-4b03-bf12-8184c57b4791,Thing #485,238,1058445379,
486,3dff5ad1-6881-4ff1-b242-7ac34f2cef4c,Thing #486,265,1140010100,PADDING.PADDING.PADDING.
487,45339d88-e3ef-4795-b452-730309254089,Thing #487,358,839809443,PADDING.PADDING.
488,75585a2b-859f-4866-a313-5e4f6f4896ce,Thing #488,475,1282533665,
489,dd4971aa-7a33-4f1b-937c-5fbeaccd4bfb,Thing #489,189,1315561816,PADDING.
490,e7a06fa3-d184-4df1-8862-832b4d2a00b2,Thing #490,353,1259857697,
491,144ba0c2-1f02-48bb-a303-2443a6cf2cfc,Thing #491,155,849815715,PADDING.PADDING.PADDING.
492,22e39e8c-50be-4547-9d2f-6b88a6ddca20,Thing #492,423,1539758696,
493,9ff43bf2-8910-4764-a2e9-7735895840f9,Thing #493,225,1006373592,PADDING.
494,34c83526-10ed-4308-87fe-ba170a546ae3,Thing #494,214,1412406660,PADDING.
495,198d14cf-b45c-4e56-9178-5348047311c3,Thing #495,414,1008561610,PADDING.PADDING.
496,0e131112-df17-4925-97ca-5bc9c914d797,Thing #496,312,885698695,PADDING.PADDING.
497,60844f51-a91c-4bf0-8e32-88a4f9dc0ddf,Thing #497,335,1299017621,PADDING.PADDING.PADDING.
498,174e5e5c-8d1c-4938-a4ba-0138a0d55d93,Thing #498,396,1614298587,PADDING.
499,41b8dd5b-379c-4cb8-b357-74dbb15cf2a4,Thing #499,354,1063506518,PADDING.PADDING.
500,06aa80fa-3b78-4d14-ab21-061a133c1456,Thing #500,379,1133898890,PADDING.
501,f27d4540-8ab0-4585-aebc-866ed1c868c8,Thing #501,138,990616173,
502,6b4b59c3-18f8-43a9-9150-1b480080eb89,Thing #502,209,1142697041,PADDING.
503,29d646af-67b8-4029-b1bf-eeacbac0735d,Thing #503,297,933390675,
504,562bfc45-f1f6-4a41-8198-2d530772baea,Thing #504,106,972797698,
505,109b4359-86df-445c-915a-77c4f66b4386,Thing #505,106,1356253981,PADDING.PADDING.PADDING.
506,4457e69a-3ce8-4b0a-a42f-f7300a338c81,Thing #506,433,1449103428,PADDING.PADDING.PADDING.
507,88607421-b55b-4137-82b7-5dd198454745,Thing #507,145,972675569,PADDING.PADDING.
508,ee7599d9-ddb9-43c6-8c7d-75e02e538fb7,Thing #508,178,1479450413,PADDING.PADDING.
509,4575b289-fa3a-433a-9259-60039ab56e92,Thing #509,487,1225194827,PADDING.
510,b4a1b8cf-2ac6-460c-8833-f2b5c99dfdcf,Thing #510,439,1568865598,PADDING.
511,ca148d70-e171-4d5e-b1e7-30c69f2cf578,Thing #511,492,1450859579,PADDING.
512,a108e168-53aa-4076-a4d4-a541d4ad01a1,Thing #512,179,1086338508,PADDING.PADDING.PADDING.
513,56f93d3d-2c12-465b-bc7a-1a49ccb47339,Thing #513,162,1013204135,PADDING.PADDING.PADDING.
514,df8328ba-b3ed-44ee-9db6-3ebfc949f3d1,Thing #514,166,1438378723,PADDING.
515,1a0d58e8-38e5-46c0-8755-77482d106998,Thing #515,410,1443432628,PADDING.
516,48276c05-81a3-4d3b-909c-5011ad0a80ff,Thing #516,305,746007831,PADDING.PADDING.
517,bdfb8d4d-3d96-4a44-8a59-9db48025b347,Thing #517,333,832390415,PADDING.
518,865e9958-aecb-4c04-983a-f3c32b9ca48a,Thing #518,389,1619117014,
519,977a9247-0c84-43b6-88df-28e9d26f7856,Thing #519,211,1505842285,PADDING.PADDING.PADDING.
520,72e93f64-e69b-46c8-8c8d-02065a58cb81,Thing #520,438,1504581958,PADDING.PADDING.PADDING.
521,38cfe61a-881d-4d3b-b474-b3f3d36e9209,Thing #521,483,1173741063,
522,58da6bbf-bfd3-4d54-bfc8-9c5ca226d6ae,Thing #522,270,1492968547,
523,8fc6caa3-a06e-44d7-9287-fe16dc3d19be,Thing #523,420,838192149,
524,cfd079ae-a772-4cdf-b277-b5d5025e363f,Thing #524,327,930795929,
525,a222cc1b-6cff-4523-9ece-9b9d08ca4d9e,Thing #525,360,1321311426,PADDING.PADDING.
526,73c02a54-0bf7-43c2-9699-903d11d73349,Thing #526,206,1058750560,PADDING.PADDING.
527,602a056a-d3bf-46ca-9537-8af3b30f9f45,Thing #527,454,893853605,PADDING.PADDING.PADDING.
528,161859e9-f1f9-4d28-b9e7-0e70b9abe52c,Thing #528,464,1044214260,
529,8e60711a-f062-478a-bac8-916e66255068,Thing #529,276,1632425354,PADDING.PADDING.PADDING.
530,d0640c43-ed55-4419-950a-793f8d050395,Thing #530,146,745793029,PADDING.
531,9ba05c7d-23a0-418b-9421-487164a91261,Thing #531,430,1535904755,PADDING.PADDING.
532,485bde53-7d25-4267-8add-2fc229cb7bd0,Thing #532,242,863732978,
533,a76653ae-6b7e-4f78-875f-acd5b47d66e8,Thing #533,465,1110717069,PADDING.
534,7d5681d1-a8b8-422d-81b3-6575bdb36422,Thing #534,384,1037972494,PADDING.PADDING.
535,01b1f098-fb96-4954-be74-4c3e111c3280,Thing #535,207,1430564107,PADDING.PADDING.PADDING.
536,df9db398-349e-4c2d-83a6-4c5187fde375,Thing #536,239,981070557,PADDING.PADDING.
537,1f16208d-5ddd-4afc-b7b3-829229cea7dd,Thing #537,271,1492434208,
538,12ce3d41-f6ab-4401-ad28-c6bf8ae0a0b7,Thing #538,231,1131545312,PADDING.PADDING.
539,b80cbd22-aa1f-4fee-bd42-f819cddb1b26,Thing #539,400,1595744722,PADDING.PADDING.
540,01ee739c-9004-449d-a34f-937fe44eb7a8,Thing #540,180,1017888960,
541,b46473c8-57e5-4b81-8538-ed6c23b67dd1,Thing #541,173,1410945893,PADDING.
542,17d09e05-b929-40f4-accf-e368e7a329e7,Thing #542,424,1536567751,PADDING.PADDING.PADDING.
543,48462622-d4b6-4eb7-bf3b-8de7bf678028,Thing #543,184,1125621610,
544,c39ca1cf-bcfa-4f91-b2fb-a53a7d90d5b0,Thing #544,123,834745752,PADDING.PADDING.PADDING.
545,8f969919-3ea0-498b-a32b-463be453e10e,Thing #545,132,1384626711,PADDING.PADDING.PADDING.
546,ff574802-1f89-4aeb-a96f-f9c40df38b6c,Thing #546,157,995112980,PADDING.
547,1e73950c-b3f9-4cb1-bf2b-1659aa91067e,Thing #547,301,1253650768,PADDING.PADDING.
548,127b8a67-0eb1-42fc-875b-3cc27e533db8,Thing #548,483,1209854132,PADDING.PADDING.PADDING.
549,554196ea-e747-4504-9a5a-377751241014,Thing #549,369,1056961395,PADDING.PADDING.PADDING.
550,590a306a-9755-47e5-978c-04edd8200c6d,Thing #550,396,905935686,PADDING.PADDING.
551,169a7259-fd86-486a-a554-af95e863360e,Thing #551,488,1067588401,PADDING.PADDING.
552,0dfd1541-6a38-49e4-bc41-3ad7c02cb468,Thing #552,282,877247915,PADDING.PADDING.
553,1f3af0ce-46a8-4f8c-877f-9dfa583671f5,Thing #553,275,1353768416,PADDING.
554,b0af2c1a-7175-4338-872e-7545e2b9d27e,Thing #554,481,1322557502,
555,6309a5c6-604e-405d-b490-c732395817be,Thing #555,398,1420117918,
556,5dd390b2-676a-4cf0-a718-55871b7363fc,Thing #556,195,1561346476,PADDING.PADDING.
557,f49e1e61-a0d6-44a8-8c00-457c948ad466,Thing #557,366,873822367,PADDING.
558,e135d9c4-8103-483c-ac34-31b600049a23,Thing #558,241,854111201,PADDING.
559,6fafa05c-44aa-4ac7-ad39-d049417e6959,Thing #559,365,1294850211,PADDING.
560,ee323e9e-6096-49f7-af9a-44452eca0cea,Thing #560,197,846191622,PADDING.PADDING.PADDING.
561,270a965e-b284-4f96-b831-b8ef3ae2dc60,Thing #561,302,859343325,PADDING.PADDING.
562,acc11f67-6750-4168-92d3-73ed3eff328b,Thing #562,344,1261662769,PADDING.
563,2d51b226-976c-4fc5-9ea4-38690d5339dd,Thing #563,266,1493318894,PADDING.
564,63dac109-a5b5-49ae-8afc-54b860458686,Thing #564,210,1331187668,PADDING.PADDING.PADDING.
565,3d36e157-3d54-4625-8942-6adfc92674a4,Thing #565,280,1611030393,
566,70ce0382-e4ee-4167-a1c9-809001fc4afd,Thing #566,405,1251000224,
567,eaeaac34-3bf0-423b-b494-1636e43413ba,Thing #567,289,1393167910,PADDING.
568,722d357f-db1b-4e82-b68b-e957963c26c7,Thing #568,310,940698095,PADDING.
569,b5c557f0-806d-43c0-831a-cd9baf2244c4,Thing #569,133,1583606404,PADDING.
570,f56e8a75-8128-4e53-b422-a48a03d1bb02,Thing #570,119,858101055,
571,31b82055-3885-4fab-a93b-00e5beca2356,Thing #571,131,1439353780,
572,d3833375-cd80-48e7-836c-afe04d656595,Thing #572,436,946395364,
573,78303d2f-b520-4267-a01f-34abd37bb453,Thing #573,187,1389988197,PADDING.PADDING.
574,f6743356-80e6-4db2-9936-f8b3e47f729c,Thing #574,382,1393066584,PADDING.PADDING.PADDING.
575,0c881aff-5fa7-4a1d-a72b-9889b0272a7f,Thing #575,252,1258502539,PADDING.
576,a99ffbe1-6b04-4038-a99b-2600a70e8e71,Thing #576,470,718138965,PADDING.PADDING.PADDING.
577,9f2dbdb5-2bb7-44ef-ac02-c44dbd7ab2be,Thing #577,293,1250737468,
578,71a3a8f7-b862-476e-997b-8f67e1c9739b,Thing #578,440,1302592470,PADDING.PADDING.PADDING.
579,be7c457d-0c23-4738-a45f-3a610a8b7ff6,Thing #579,331,1255693169,
580,2505bea4-3564-451f-8a6b-a2bdef03a1e3,Thing #580,488,1575101505,PADDING.
581,5d3d2887-8c4b-4cb4-9deb-a45a4623a360,Thing #581,296,916840770,
582,faee3f52-4a8f-4b50-83f8-30637b6e5a09,Thing #582,290,955991169,PADDING.PADDING.PADDING.
583,89aac6ac-7383-453b-bd69-f31e17a8bc5c,Thing #583,110,825375789,
584,a04ed026-dbec-40d8-a76f-ee30bdf66878,Thing #584,279,774088469,
585,fc332e99-fa2f-40ed-a1ba-34be365326b8,Thing #585,481,1259028373,PADDING.PADDING.PADDING.
586,b3bc6482-d9b5-4789-b91a-a5019046ceef,Thing #586,137,1010550765,PADDING.PADDING.
587,fbe337a0-4fee-4e7d-b86b-ae2f962d3d38,Thing #587,420,1275073660,PADDING.PADDING.
588,f9ae538d-36fc-41a0-8502-1654b3d5360a,Thing #588,437,1352967836,PADDING.PADDING.PADDING.
589,55695a23-f6b6-4a7f-9c97-0fdd32d69801,Thing #589,108,1619757549,PADDING.PADDING.
590,27e42a5b-2477-4b24-bd76-6cb57ecab466,Thing #590,320,987020300,PADDING.PADDING.
591,bcd78064-eb7f-4811-ac36-ffd53faaa2b5,Thing #591,381,1649190605,PADDING.PADDING.
592,88a7846a-bc39-4789-88b4-39918cdace9e,Thing #592,379,872629315,
593,437c5e0b-2f1c-476a-b022-8e36c0bb8390,Thing #593,117,906814153,PADDING.PADDING.PADDING.
594,8cdf543b-875e-41d9-be16-9199ddfb5d30,Thing #594,456,721976518,PADDING.
595,f9bcc088-7f87-420f-b22a-cf7dc6d393bc,Thing #595,272,1439902770,PADDING.PADDING.
596,66d966f1-9bd3-4288-8b45-8a75b0149865,Thing #596,464,967740905,PADDING.PADDING.
597,cc1ec1e6-d2d7-4c94-8bd7-bb661f3f2bce,Thing #597,247,1397566941,PADDING.
598,2b2d33c0-8b51-473a-8b6e-0801ecb99a89,Thing #598,430,928604155,
599,1702031a-3163-4b0c-b98a-5d7e3fc4549f,Thing #599,489,1176566374,PADDING.PADDING.
600,acddb3cd-7802-46ff-b781-c987265d2b44,Thing #600,251,1529709212,PADDING.PADDING.
601,6ff85eda-ef85-4377-a2c9-7262fa2448cd,Thing #601,158,1560112198,PADDING.PADDING.
602,badf0a0f-748b-48f0-a7eb-469e316c5c01,Thing #602,474,697482327,
603,3197a417-0577-46fb-97a3-3efe868956ae,Thing #603,116,685176450,PADDING.
604,bf6d3f3e-e921-42ce-a612-71686b83b007,Thing #604,411,838993146,PADDING.PADDING.
605,b2e2299c-5aa7-4233-97bf-f525ee46aa9f,Thing #605,405,749990346,
606,03622cda-6643-4efe-b16e-85c9236b7295,Thing #606,226,1060424714,PADDING.PADDING.
607,48df6de1-951d-4cf1-91fd-cf80b4de4193,Thing #607,339,1293513251,
608,2980506c-e60d-4d41-8827-e465305ab024,Thing #608,248,961369194,PADDING.PADDING.
609,6334d72d-558d-45ac-9076-5e0716940d61,Thing #609,460,814677213,PADDING.
610,afe45d12-5c66-4665-9c14-967366a1a2af,Thing #610,346,1029712882,PADDING.
611,e9514cd9-0e67-412f-89ec-7c5d52ceae11,Thing #611,364,743822599,PADDING.
612,d14ba124-311b-4408-a8f7-e12b085494e1,Thing #612,388,885550380,
613,4cfb8460-5ce1-4f22-950d-92fe568b1002,Thing #613,476,1280337838,PADDING.PADDING.PADDING.
614,fab0fd10-c24d-4c5b-b2d5-7484a8158572,Thing #614,438,1641903888,PADDING.
615,d3cd3a97-17d1-48f5-987e-efdfee5b1afd,Thing #615,403,981684746,PADDING.PADDING.
616,a14dc60a-ad48-4268-a657-d0b0841b2835,Thing #616,102,695373672,PADDING.PADDING.PADDING.
617,c86682a6-ae0a-4ac7-899d-e8f3f2a72265,Thing #617,227,804702857,
618,5af0a8fc-10d7-408f-92cd-86e1321ded13,Thing #618,282,701286283,PADDING.PADDING.
619,e1b76122-d314-4f37-af98-e37e03a13a93,Thing #619,168,1265640181,PADDING.
620,36fb5412-b873-480b-ae4f-af7c48077062,Thing #620,436,977763090,PADDING.PADDING.PADDING.
621,317ebb07-960a-4b7a-9cc0-f6c88fdd4452,Thing #621,217,771177395,
622,f24eb2c6-e1d4-47d8-86fb-78b0f16c06d5,Thing #622,492,936989074,
623,93959097-553e-42f2-8d55-d47300e5a5fb,Thing #623,446,868751707,PADDING.PADDING.
624,01238da8-0486-40c3-afd7-e36e530fe645,Thing #624,249,880664541,PADDING.
625,d34fb814-743e-4719-81ca-3d4699709063,Thing #625,426,895403682,
626,fb6e6936-3bd0-45da-abc3-b1be53e0de28,Thing #626,162,1050005904,
627,df977216-3dfd-48cd-ab3d-a5bd2a0baedf,Thing #627,165,1015047501,PADDING.PADDING.
628,21335162-20c2-4c4f-9126-68bf997e8e16,Thing #628,134,1237609870,PADDING.
629,6b0ad4c3-d431-408d-a703-f188423d575a,Thing #629,216,1244048076,
630,8f58e7ca-7a23-42bb-9d4a-7a3acc261efd,Thing #630,482,730572777,
631,8169ce31-7d3d-468d-9d17-48da0457a708,Thing #631,289,1594378036,PADDING.PADDING.PADDING.
632,7b27c5dd-fb40-48ca-b12d-0753d45c4aee,Thing #632,194,740260885,PADDING.PADDING.PADDING.
633,ec788265-53a9-4ce6-a90d-81c49c8fed42,Thing #633,399,1414813878,PADDING.PADDING.
634,1988e5ad-e312-491d-b9cf-f8d1464c1290,Thing #634,129,1233887801,PADDING.
635,cf84a4ee-b04f-4dff-ac33-70b999d569d0,Thing #635,376,1025422332,
636,1be84f49-fd48-405c-a8a1-9d4579854e58,Thing #636,201,1269335629,
637,08ec01b1-8a51-43ee-be52-b5a0f30a07b8,Thing #637,178,921056267,PADDING.
638,d0474926-4742-4981-ab70-b33f60c9323f,Thing #638,349,691455486,PADDING.PADDING.
639,701a577f-b49b-47e2-9ba6-87d35304a219,Thing #639,226,814399982,
640,c64a0b25-d5ca-4747-8872-5b9ddaad3bf6,Thing #640,237,1570871711,
641,f1f1605d-67a3-409e-88b1-ea4c2105bb49,Thing #641,172,1365551523,PADDING.
642,7d3274cc-e470-445d-941d-cf0ce876fdff,Thing #642,238,1483285833,PADDING.
643,5b26fa11-dfe9-4000-9579-ee077532b749,Thing #643,458,1621526004,PADDING.PADDING.PADDING.
644,4a4caa6e-c0de-482a-818f-782a4744d55a,Thing #644,366,853235892,
645,7d8e18e5-35ee-4275-a082-0fdc00b13f06,Thing #645,441,1041531949,PADDING.
646,a957b4a5-b400-4b92-b564-d4a473086785,Thing #646,467,827059578,PADDING.PADDING.PADDING.
647,fba755eb-13ea-434e-b6da-b1ddc52a8c9c,Thing #647,418,1249054729,
648,08f4f4f8-e398-408e-b98c-72c59a228271,Thing #648,105,1551268867,
649,e0025377-1a64-46ad-b9a5-5f52f8dc80cb,Thing #649,467,1335733665,PADDING.PADDING.PADDING.
650,57803cdd-1c96-4d03-bec8-ded8f46aeb26,Thing #650,120,1517291964,PADDING.
651,91bf5dad-b3a7-4aba-86c8-2526f9166965,Thing #651,465,1117961112,
652,53dcb9e6-a257-4afc-ad46-0bbbb02048a1,Thing #652,354,1352882737,PADDING.PADDING.
653,1c879894-21b9-461b-806f-4e9b71e91c2b,Thing #653,298,991064397,PADDING.PADDING.PADDING.
654,14a662ad-d82a-4e17-aa7d-0aaba190cf19,Thing #654,140,1056271702,PADDING.PADDING.
655,c790a6da-647d-45e7-b286-1bc37ac931f6,Thing #655,292,1409126233,PADDING.PADDING.PADDING.
656,0bbd8202-117d-4c0f-ba97-c20c94b36585,Thing #656,346,1171238978,
657,35afe424-c03e-4450-8292-d745b2d68368,Thing #657,134,1513469548,PADDING.PADDING.
658,0a6159ec-1001-4b7a-8e02-50661ff6afde,Thing #658,396,1084841791,PADDING.PADDING.
659,56927b53-c9b5-4a23-ac11-75747262455f,Thing #659,459,1524074921,
660,8070f4c6-5e77-4db6-8314-ed619f7e1517,Thing #660,277,850094914,PADDING.PADDING.PADDING.
661,5c5d0cf2-b8ca-4200-a45c-13db4419a247,Thing #661,377,1299521485,PADDING.PADDING.PADDING.
662,862aea70-9a20-4c55-871e-5ae81534460f,Thing #662,253,1533718351,PADDING.PADDING.PADDING.
663,61be42a9-102d-43de-9886-b2a468624c0b,Thing #663,177,734166113,PADDING.
664,07c00659-1164-48f5-a3fb-aba4c33bf834,Thing #664,247,776932300,
665,cdf8e5a7-3a77-4d03-819a-15d3559759ac,Thing #665,358,1132759409,PADDING.
666,73ffaec9-8df4-4ea6-9143-82a3d674347f,Thing #666,101,1083658488,PADDING.PADDING.
667,1e031d8b-570b-4966-a618-535abb4a53a9,Thing #667,420,718030004,PADDING.
668,3b7fe1fd-f16b-4427-a835-c054c0b3140d,Thing #668,376,922719698,PADDING.PADDING.PADDING.
669,c213f7a6-292f-41ce-b02d-9da8035df741,Thing #669,384,879029763,PADDING.
670,d3303d1a-45d3-43d4-a176-7cdeeb707e81,Thing #670,155,1203031797,
671,3a4e905d-a5cd-4f7a-9908-f29c9ede637e,Thing #671,303,822716264,PADDING.PADDING.PADDING.
672,a0751c83-03c9-4c5c-a353-25801e0c15bd,Thing #672,243,1470078957,PADDING.
673,b5efd37b-50c1-47d1-886f-1050c7653caa,Thing #673,340,789619850,PADDING.
674,999fd2f4-1fd2-490f-adf5-d0cd7e1296b5,Thing #674,260,766952920,PADDING.PADDING.
675,519788d7-42e4-49da-9481-6ba4cfa84add,Thing #675,321,1531683841,
676,eee63075-ebaf-4696-a732-094d87537af7,Thing #676,105,953198151,PADDING.PADDING.PADDING.
677,85b0d580-3ba0-4bd1-8166-d1294b6ec211,Thing #677,220,1384015410,PADDING.PADDING.PADDING.
678,1dbaaabe-af46-40f6-9c7e-d0af1134e31e,Thing #678,275,993064204,PADDING.PADDING.PADDING.
679,3ee1ddae-a1a7-4f41-8b4c-3bb0870793b4,Thing #679,413,1138271639,
680,0656003d-1320-4a50-be10-ad4c5e3780ac,Thing #680,373,1040502972,PADDING.
681,8b220732-9ca3-4d9f-afd7-ecb0c6c032bc,Thing #681,398,1512240200,PADDING.PADDING.
682,65873645-9765-46c4-850d-f36efa8c7071,Thing #682,296,1159612185,PADDING.PADDING.
683,3f120ae2-9fc2-42e0-a190-a437c7e0a13f,Thing #683,498,731636672,PADDING.
684,bbf9bd0e-ca54-4f4b-9ff0-6cf4a2300eab,Thing #684,489,1531710106,PADDING.
685,2e4968c3-de4b-40fb-9cc5-7c7d607b6b24,Thing #685,302,1393273072,PADDING.
686,29c07709-aafe-44d2-a5f2-03cd8d098f26,Thing #686,198,864691992,
687,c8e06188-e69a-4f58-8bb1-76d60ce9e017,Thing #687,156,986084060,PADDING.PADDING.PADDING.
688,5e986038-0e77-4e7d-85b7-807b82e9270f,Thing #688,310,1191315101,
689,bc03819e-109c-4956-bf71-3a3947d8b0ab,Thing #689,485,706456675,
690,310fe7e8-75fa-40ff-9852-57c01a848ac9,Thing #690,129,826926590,
691,eff5bc46-20dd-439e-901e-dcc3fd05d9b4,Thing #691,476,1559520793,PADDING.
692,6ea01a11-3053-4489-9b59-f6c0029375a9,Thing #692,258,1538734080,PADDING.PADDING.
693,1b2baff1-621f-4402-9a5a-0cc493c95c8d,Thing #693,361,693261856,PADDING.PADDING.PADDING.
694,8d65bd47-672e-4f1b-b083-59150831b6da,Thing #694,197,1315075007,PADDING.
695,c257bf3e-87c2-431b-bbae-1c944e69866b,Thing #695,349,1365868092,
696,583023d0-c737-4829-8426-550bd4f46d40,Thing #696,254,1475268871,
697,42f3a642-1614-40f0-914e-4fc039f2ecbe,Thing #697,232,1491405327,PADDING.
698,87d4e6a8-679c-474c-a43d-2a88e2efc9d9,Thing #698,202,1144107367,PADDING.PADDING.PADDING.
699,f9337057-cd40-41e0-b519-7177ef312939,Thing #699,119,937796630,PADDING.PADDING.PADDING.
700,ac0dda1e-b645-45ee-b686-48e2785feca9,Thing #700,209,1568625573,PADDING.PADDING.PADDING.
701,a04fe31e-200b-493b-be84-95398918be59,Thing #701,388,706988372,PADDING.PADDING.PADDING.
702,40f5cd26-502c-4a63-89b8-1925c704c890,Thing #702,126,817268040,PADDING.
703,9acde6e6-f505-4873-9230-f38fb06dda81,Thing #703,200,786212832,PADDING.PADDING.
704,874b11a4-af64-4b20-bd4d-cb334c35b38d,Thing #704,142,1491132024,PADDING.
705,96752290-7753-4ad1-8258-1f51758bf76e,Thing #705,106,1400422192,PADDING.PADDING.PADDING.
706,304f8071-98e3-4c13-ab14-0c445b238330,Thing #706,415,760380569,PADDING.
707,d7993b23-74d8-4474-8bcb-960c3c7cb24e,Thing #707,377,877738670,PADDING.
708,e69968ce-3135-4ce6-9bc9-745a760416e2,Thing #708,138,1387175645,
709,dcf92227-aea5-4179-9a4d-310e93cbf34b,Thing #709,369,686684775,PADDING.
710,f5e79288-0e49-47ca-9872-69b028bc4c0e,Thing #710,299,1617797383,PADDING.PADDING.PADDING.
711,ca3c7587-ffdc-4c3f-93e1-e5f66d2c46ae,Thing #711,162,1175151470,PADDING.PADDING.PADDING.
712,0c8fbe77-d1b5-422b-b620-8ae4cc857b29,Thing #712,350,1226405460,PADDING.PADDING.
713,34732131-6e26-4b4b-b9ff-9fa0311708a0,Thing #713,425,1642237059,PADDING.PADDING.
714,5cc5cec3-1b7a-4fe7-bbc9-0124f569462a,Thing #714,438,1632608156,PADDING.
715,36ea8427-cc32-46c0-8a32-b169bc369e84,Thing #715,304,1641928486,PADDING.
716,729435a8-ad7b-4eed-8181-0fd1bb912e90,Thing #716,156,845842439,PADDING.
717,58573eef-e8f2-4b99-a9f8-0a6d2e606a6e,Thing #717,344,1316597577,PADDING.PADDING.PADDING.
718,075b5b26-45d2-4024-a69b-419f1c381730,Thing #718,339,1169352878,
719,58712958-6a82-454c-8743-c560cdd5b260,Thing #719,151,1511812337,PADDING.PADDING.PADDING.
720,36636676-a3c5-4e40-8c17-275375df87f2,Thing #720,245,1359876616,PADDING.PADDING.
721,0b6c6202-17f2-4ab4-936a-31d664a4d6f9,Thing #721,414,788750450,PADDING.PADDING.PADDING.
722,d1c48142-3a48-4218-9d6d-11bd377c0da1,Thing #722,197,782968656,PADDING.PADDING.
723,8cf7b09e-8bbd-4444-a5f3-94cc41c7b5ab,Thing #723,195,900097010,PADDING.
724,e419003d-d61a-4726-8ff5-e10ef69610a8,Thing #724,491,1166626448,PADDING.PADDING.PADDING.
725,feca8b2c-2177-4b22-9dee-17bbf6c2a418,Thing #725,306,1076050017,PADDING.
726,c9e1b3d6-1972-4fde-aae5-263acfca9bcb,Thing #726,313,836368455,PADDING.PADDING.
727,50935479-d210-4526-bea0-d52a14f4dd70,Thing #727,155,803942023,
728,f2fabb05-5a4b-4300-b561-3b97acd0b418,Thing #728,177,1238820774,
729,ae94b806-f74f-4339-9e0f-8a2fc90334da,Thing #729,165,734448716,PADDING.PADDING.
730,8924bb20-d6e3-432e-8d04-184e0925ee46,Thing #730,214,1578663384,PADDING.PADDING.
731,f155c7d1-dc59-4c1d-b629-3910dce51a7b,Thing #731,468,1338559095,
732,798612cf-01a0-4884-ad43-d09d7b2476cd,Thing #732,242,1015140930,PADDING.PADDING.PADDING.
733,023947bc-aeba-4c0a-a758-f7c5a57b2e4a,Thing #733,233,1035649730,PADDING.PADDING.
734,464e00c9-e94d-441c-ba60-61b82506d1b6,Thing #734,259,688565918,
735,d2c2566b-b794-4930-9182-1091304d12e7,Thing #735,452,1315141608,PADDING.
736,13420e15-7cfa-4071-bf53-d76bf4ba80e3,Thing #736,428,864962048,
737,fc20597d-900c-4703-aeb2-fe7cff339505,Thing #737,150,1534541416,PADDING.
738,baeff577-f7da-469f-bb77-e95bd1766c6b,Thing #738,405,1554546845,
739,683c4876-064b-4673-ad0b-b0ccd3ecf2b0,Thing #739,406,1017388625,PADDING.PADDING.PADDING.
740,ea258e2e-e68e-4570-b64c-f2717a2e2885,Thing #740,498,1203548812,
741,b74e415f-1894-4f25-a6e2-1ba81df117ce,Thing #741,274,1155064696,PADDING.PADDING.
742,d8e22b4b-a004-458c-bda4-c9d3ec07ba68,Thing #742,469,852378809,PADDING.PADDING.
743,e8408a91-97e9-4334-bedb-74c68ff6278c,Thing #743,275,1375795841,PADDING.PADDING.
744,972fd6c3-0bcb-4390-a8cf-0054a7d4bda3,Thing #744,426,806431437,PADDING.PADDING.
745,df0e72a4-368b-4aaf-8635-b7e729081f1f,Thing #745,465,1108131736,PADDING.PADDING.PADDING.
746,1f34e2d7-73fc-4c72-8d1f-7ed4617e4e66,Thing #746,319,1249825838,PADDING.
747,8ce82390-dcee-488c-9624-d4c7e6bd8dc8,Thing #747,218,786465151,PADDING.PADDING.
748,da8ebaf1-4588-47d8-b076-600fee72ea44,Thing #748,308,1442014861,PADDING.PADDING.PADDING.
749,0e999395-275c-42ec-bf99-49887a386ed3,Thing #749,498,1151049677,PADDING.
750,bc68d709-2c76-410b-85b5-4a631299c9a4,Thing #750,151,695895475,
751,9f442a79-abe5-4c2b-8ce9-59f1ebcf5a60,Thing #751,116,1415862939,
752,9fb2690f-f893-40cc-84a4-bc65bb4cabea,Thing #752,240,951388012,
753,5054554c-e636-43ae-9692-7848e48bf94a,Thing #753,316,917291484,PADDING.PADDING.PADDING.
754,067a5034-78d1-41d1-812a-a3531e59c83f,Thing #754,271,879084429,PADDING.
755,8ab2353b-ca93-4073-b5a0-fd57eee14712,Thing #755,153,1047920368,PADDING.
756,129e812c-ea89-40d2-b9e7-d4ac7a9fe85c,Thing #756,126,878877609,PADDING.PADDING.
757,dc073d3b-9840-4fa3-b95a-13a0e38d9c1b,Thing #757,257,1112609063,PADDING.PADDING.
758,03c61faa-b096-4a0c-b698-bd1ca26d4d12,Thing #758,359,1031010671,PADDING.
759,0d523933-ea60-4cef-8d78-a031580f338b,Thing #759,498,747513322,PADDING.
760,87e71a56-4441-41e8-b196-fb8150c20ff5,Thing #760,461,1341233460,PADDING.PADDING.
761,e56872dc-ae4c-4b94-9259-8d506e46a6d6,Thing #761,404,833975843,PADDING.PADDING.
762,6120d67a-e987-4c47-bb50-2972b9f8d4dc,Thing #762,486,1284307961,PADDING.PADDING.PADDING.
763,6c7fcef1-a221-4e7d-a751-d60337ed5c82,Thing #763,113,865236137,PADDING.
764,6bfff07f-c94f-49ff-9c83-3f68d8ce9642,Thing #764,446,1160311296,
765,6bb72eab-44fe-43ae-9a6d-19dc4f24c431,Thing #765,294,1016570625,PADDING.PADDING.PADDING.
766,50b39641-3d1b-4db5-8730-108374e473bd,Thing #766,424,1294795576,
767,5936d7b6-dd43-4bec-88dd-fc9f754624f7,Thing #767,246,1172771753,PADDING.PADDING.
768,ca8dc67c-7713-4990-9433-bee0161de70d,Thing #768,232,1075435796,PADDING.PADDING.
769,9ee4d6b0-92fa-4f6f-9dce-c6cfa663845f,Thing #769,465,1372425481,PADDING.
770,bdfcd5e1-f3b6-4be1-b316-6341ef6ab41e,Thing #770,390,952426848,
771,0eb033bb-c6b3-43f6-bb3a-e2b06763ff4e,Thing #771,410,1616238946,PADDING.
772,cf9ac2f0-0ff9-4225-8004-074d492e289a,Thing #772,374,1211417933,
773,8ee6908c-9457-4cc9-b3e9-14a5b2c6565c,Thing #773,225,806391764,PADDING.PADDING.
774,f509c827-e708-43b0-9aee-a6cc38398d04,Thing #774,466,1147022627,PADDING.PADDING.
775,154e4dee-8fcb-4f74-9582-61a642ee1688,Thing #775,267,1191071342,PADDING.PADDING.
776,bca1d498-03cc-4bdf-b48d-b96f45a1df70,Thing #776,329,725142862,
777,10143c3a-866d-4a56-881f-cd80aa178537,Thing #777,136,1154320650,PADDING.
778,665fd7f4-78f3-4384-9b7e-c80bdccc1cc1,Thing #778,120,1294734133,
779,99005c21-5fc8-40d8-b0ad-837d9b8c012a,Thing #779,438,1106023939,PADDING.
780,25d64d55-f5ae-479a-a554-3d3f8705aee7,Thing #780,272,756352969,PADDING.
781,a850c366-296c-4d88-a41c-62bf93401c29,Thing #781,422,1387734236,PADDING.
782,c0f88351-d234-45b6-b7eb-abd71406bc1f,Thing #782,442,964583849,PADDING.PADDING.
783,5f3424d0-43c2-4f19-85fc-1da09b81ec10,Thing #783,346,1195507574,PADDING.PADDING.
784,1293fbb1-9232-43f5-8060-589365b7ed4b,Thing #784,333,1155402459,
785,1e92ce51-31ee-493e-91ed-16bbdc4341a5,Thing #785,402,847226897,
786,0f55cce9-5996-40c8-940b-1ffefb14418d,Thing #786,353,839758970,PADDING.
787,4e8bce67-6548-4fa8-8a5c-5afe86edee31,Thing #787,482,1182164126,PADDING.PADDING.
788,20f5179d-bc57-412f-bf63-446ed06ff820,Thing #788,286,781783324,
789,18f33e94-db12-4074-8b84-272962062150,Thing #789,208,1385779077,PADDING.PADDING.
790,26936d22-c852-4687-b462-f4b6b059fcb6,Thing #790,342,1192204284,PADDING.PADDING.PADDING.
791,08aae226-0941-4b0d-a38f-51baff5ef889,Thing #791,472,1343899394,PADDING.PADDING.
792,c4347faf-d862-4941-88de-9eac6bd22930,Thing #792,195,892366825,PADDING.
793,aab8e0cb-428a-45f2-a03c-6afcba616105,Thing #793,245,728999403,PADDING.PADDING.
794,8590154b-6362-4496-bf1f-03aac562d107,Thing #794,497,1094688254,PADDING.
795,3d01a23c-6bd7-4390-857b-0699fc934464,Thing #795,329,1454396902,PADDING.PADDING.
796,506054c5-1418-4f0e-abd5-d20d8c73ca19,Thing #796,423,802177400,PADDING.PADDING.PADDING.
797,d53511a5-0a27-46c5-a3af-4813c5cd0500,Thing #797,362,1474416457,PADDING.PADDING.
798,6b7c2df3-0a4d-4b0a-9485-8148c99be442,Thing #798,379,1219245513,PADDING.PADDING.
799,da93263d-4dd6-4d9d-b646-bc88b3e2e418,Thing #799,204,707374384,PADDING.PADDING.
800,8b6f1fae-1cbe-4b35-96bd-1da1312abb11,Thing #800,366,1645366543,PADDING.
801,462a7063-fadb-4739-8201-e133f243ce87,Thing #801,329,1474326918,PADDING.PADDING.
802,3a9a9cf0-4527-40b3-98ef-7aead33b9163,Thing #802,352,1176413547,
803,ea7f36e0-1060-4687-b013-145337b22771,Thing #803,476,1294536424,PADDING.
804,397859c7-22aa-40af-868a-69c47d8cc26b,Thing #804,214,1426031494,PADDING.
805,394329c6-278f-470e-9b0f-28a527baf044,Thing #805,495,1170525928,PADDING.
806,3664166c-a551-45eb-a517-232997bd8a7d,Thing #806,446,1262731737,PADDING.
807,395d0603-7e0d-42b4-8849-abec0326b373,Thing #807,424,1469584245,PADDING.PADDING.PADDING.
808,8cb4b3b4-8c24-4556-9fc8-4520fc77c762,Thing #808,110,945240409,PADDING.
809,7f4da57a-33ea-4556-8d2d-2d98a8e33a33,Thing #809,452,1559848614,PADDING.PADDING.
810,baa2ab80-1c66-4f84-9df0-34a8ee3890ac,Thing #810,270,1137782601,
811,d2584c85-72bb-4b49-b28d-86d3683bbe5d,Thing #811,118,803186912,PADDING.
812,54947829-699f-4049-9290-8b0aff74f451,Thing #812,387,1010075726,PADDING.PADDING.
813,e3cc72f7-b978-489e-9eff-97b49cfc3b2c,Thing #813,338,1147593203,
814,a03ac77c-2a5f-4ac4-8dfa-f44002639556,Thing #814,143,757731054,PADDING.PADDING.
815,5088dc54-bba3-43fd-8115-711567112c17,Thing #815,426,1471144525,
816,ee002624-e140-4de2-95e7-bfcbaf3bbe70,Thing #816,328,777490760,PADDING.
817,3fd73278-e008-4426-b037-fed9aa8dd98f,Thing #817,451,1032897487,PADDING.
818,b7d3cce9-231c-4c46-8dcb-088f866fc6c1,Thing #818,434,821430628,PADDING.
819,df322119-11da-4a07-953c-87ad4857ecc1,Thing #819,394,1651645732,PADDING.PADDING.PADDING.
820,85785c32-93e0-4632-b631-35c17076b7f6,Thing #820,367,1035018007,PADDING.
821,b6f2e3b9-725f-4101-879e-e354ec80e871,Thing #821,292,1084372559,PADDING.PADDING.PADDING.
822,f97b6c10-f3b9-48dd-b0cf-dd8ce3a8dedf,Thing #822,284,1058278597,
823,7a9a5c59-0fd5-4178-8e98-9283f6497344,Thing #823,162,1113182710,PADDING.PADDING.
824,1d3263b9-8478-470c-a0cd-2d6902501d32,Thing #824,186,903337101,PADDING.PADDING.
825,367a7069-0b82-493a-ac0e-4469e65b6133,Thing #825,330,776476844,PADDING.
826,6cc7d5d4-a49f-4329-b4e4-f7626fe23267,Thing #826,397,1238032964,PADDING.PADDING.
827,cae2184a-5a3e-4858-b8e1-0ca530e4fbd9,Thing #827,229,1627168518,
828,2850224c-ba08-4ed3-b8ab-d06ad9df794d,Thing #828,138,1459250120,PADDING.PADDING.
829,4407e000-0711-4218-a011-2b0a22df6e17,Thing #829,391,687733483,PADDING.PADDING.
830,0a9bb860-4caa-47f4-8886-32fb2ea9b002,Thing #830,139,1254650154,PADDING.
831,7d6442ad-f6c3-45a5-afcc-c3fd3444668b,Thing #831,286,855359627,PADDING.PADDING.
832,7bf6927f-21a1-414d-b88b-1e435ef07246,Thing #832,239,1303205589,PADDING.PADDING.
833,d9861893-8489-4e3d-8c60-5f4b7a61fb42,Thing #833,373,1103236864,PADDING.PADDING.
834,58be49b9-3521-4341-83e8-d2433a6f805b,Thing #834,319,1609764021,PADDING.PADDING.PADDING.
835,4df14117-6d26-4d80-bef2-592cd8889a0b,Thing #835,425,1272653927,PADDING.PADDING.PADDING.
836,2f9ca419-9c09-4710-a556-03a4639561fd,Thing #836,466,1538121971,PADDING.PADDING.PADDING.
837,96a29408-ffd0-4d9a-a461-20dba25d260d,Thing #837,196,872027012,PADDING.PADDING.PADDING.
838,59377949-7dbc-4b12-b50d-0fc625a31b4f,Thing #838,391,1269472096,PADDING.PADDING.PADDING.
839,c6876bc8-a0c9-4364-af7b-b42e484d51ee,Thing #839,465,1440454057,PADDING.PADDING.PADDING.
840,50cab887-eaa1-4b36-a737-935e4b8f79d3,Thing #840,108,978017583,PADDING.
841,04dff148-72ac-4085-973b-a329c66bd7f0,Thing #841,443,1579668682,PADDING.
842,7199b7f3-83c5-4a8e-9454-11dcd5613706,Thing #842,389,1168247425,PADDING.
843,f38eecf0-bf27-4528-bb7f-21fef7a8d8e9,Thing #843,374,1465223437,PADDING.PADDING.
844,4b276723-8fb5-4bf3-8a7a-09709e42e64d,Thing #844,378,739965229,
845,152a748c-3d18-4798-a7fb-6c4e5c48ed33,Thing #845,178,1087449599,PADDING.
846,1d67ec4a-92fa-46e4-92b4-d7331a1bd6b6,Thing #846,258,1037840757,PADDING.PADDING.
847,d5c28ce9-496f-465a-aabb-25b2d630af63,Thing #847,403,1544589057,PADDING.PADDING.
848,71d3051a-39e0-49a4-9437-8baef49ed9fa,Thing #848,148,1058808665,
849,6416ade2-ca01-4220-a7f0-bcc909cfb614,Thing #849,263,1023658132,
850,3bdd09dd-7a10-4109-a3ff-a05ae40bc0ae,Thing #850,163,1604801992,PADDING.PADDING.PADDING.
851,e77a2b1b-3c24-4209-a644-724ce46e4abc,Thing #851,385,1310896066,PADDING.PADDING.
852,665db408-024e-4735-bbfe-479aed8b3464,Thing #852,245,875709483,PADDING.PADDING.
853,445a537d-65dd-4abd-8758-837c44821930,Thing #853,450,1019902815,PADDING.PADDING.
854,b833ef6f-c09e-4504-a68b-0c6a3f5dedf9,Thing #854,155,952425126,
855,3afdd492-8484-43bf-8518-9177595c4f9b,Thing #855,105,1631465269,
856,5b877591-c290-4426-9f32-c26cd5972ae4,Thing #856,440,1208373430,PADDING.
857,32a6a67d-466c-4afe-9dd6-6c94fc1f06c2,Thing #857,356,1168564497,
858,88d47667-b6db-477a-9530-29eae42162c0,Thing #858,266,1299302914,PADDING.
859,2377ffb5-0c22-4368-a3b4-639ff2d8e4ae,Thing #859,103,1009718441,PADDING.PADDING.PADDING.
860,8fd01c3e-9e99-4c54-bba7-1bfe2bfa311f,Thing #860,331,1165124988,PADDING.PADDING.
861,f8ef0a9f-1ab4-4210-9e68-61dbfe7c72be,Thing #861,331,1476132047,
862,e3605928-38da-4ebe-8849-224d63821ab7,Thing #862,310,1043757357,PADDING.
863,6410ec21-e794-44c0-b0a7-f48a48d42a2e,Thing #863,382,898125810,
864,81388998-85c2-49af-a235-d4c496f0c1ee,Thing #864,312,746521269,PADDING.PADDING.
865,d643f245-3359-4b72-80bd-982318a67d45,Thing #865,320,1462055010,PADDING.
866,31110a98-0a72-4bcc-bc1c-ea3d8434eae5,Thing #866,479,1371669014,PADDING.PADDING.PADDING.
867,513a0a86-18c1-48ac-ad4c-67f2ecc2f778,Thing #867,147,1047844762,
868,eefd374b-380e-4303-b960-57f43892d865,Thing #868,254,937459050,PADDING.
869,078f4f1a-224b-498b-9636-aa9286bcb540,Thing #869,261,836434831,PADDING.PADDING.
870,7d8802e7-2a73-42b1-9c05-4551428a8a77,Thing #870,273,1284960469,
871,7e2c2a11-d3e6-407a-bcfb-3faa11ad3ce3,Thing #871,246,1646368495,PADDING.PADDING.PADDING.
872,1dd68db1-7ddb-4993-99d8-4c6dfd3076f3,Thing #872,454,692330776,PADDING.PADDING.PADDING.
873,e5a67675-5f8e-4c27-a9c6-3c30f495f472,Thing #873,497,1289209893,PADDING.PADDING.
874,2ee64508-0063-46c6-b47a-4cc9c50c9a7e,Thing #874,380,1272633352,PADDING.
875,8207312f-5fc6-4b17-a4f4-7fe7d0d8a83a,Thing #875,170,1305201663,PADDING.
876,49944fc7-3958-4833-ad76-c1bac9513520,Thing #876,436,1124642073,PADDING.
877,bc3610a7-ee96-48f6-9cbc-4c60e356037b,Thing #877,377,1200198762,PADDING.PADDING.PADDING.
878,51944e4f-e0a5-4592-b35e-afc7abd3248e,Thing #878,106,879710788,PADDING.PADDING.
879,a6ee90a0-80c2-45f1-87fb-bb8196cea465,Thing #879,313,877884259,PADDING.PADDING.PADDING.
880,cb23f1b1-5afb-4555-82d1-b04c0fad16f6,Thing #880,143,805489247,PADDING.PADDING.
881,089f5ea4-a0ff-4e02-ad76-d04a9e925a00,Thing #881,367,1594000013,PADDING.
882,a9e3e814-e71a-47df-8700-36498aa5754e,Thing #882,406,791547284,PADDING.PADDING.PADDING.
883,eb37a3f4-ec5e-4354-908e-93914745a483,Thing #883,177,970537114,PADDING.PADDING.
884,85390260-ab44-4871-9763-ac665dfcea51,Thing #884,111,1560650753,PADDING.PADDING.
885,687f6cf0-b54e-4d83-96c6-463c3e41b3bc,Thing #885,343,1270044264,
886,1d11344c-efd9-40e0-a663-9c4134688419,Thing #886,327,1203750103,PADDING.PADDING.PADDING.
887,63237e98-3b84-4a40-a903-2d377f6b4f7a,Thing #887,257,1589381219,
888,dfc17cbf-d4e8-4d67-973a-2a7c8571c5d3,Thing #888,491,1176989096,PADDING.
889,b5982ef0-175a-4bdb-8420-9719bfeec733,Thing #889,167,1399816240,
890,21f45f01-b0b4-4f7f-8a9b-2d34dfa77a26,Thing #890,204,894807955,PADDING.PADDING.
891,af460d0a-44d7-40e4-b48a-da772ce71acc,Thing #891,467,916222293,PADDING.PADDING.
892,67bf474e-c2b2-4454-b725-8eb87952cc7f,Thing #892,234,1352917942,PADDING.PADDING.PADDING.
893,baa4b298-e8a8-4f5f-af0f-ef5e2632a26f,Thing #893,273,1453296571,PADDING.PADDING.PADDING.
894,06f33a10-bbd3-4818-833a-61c2cc4a4085,Thing #894,270,721593158,PADDING.PADDING.
895,49fc5ea3-686e-42cb-bf59-4a0dd49fc478,Thing #895,146,982717792,PADDING.
896,d888cc49-5441-4fab-bb58-5b4b03474504,Thing #896,285,684506525,PADDING.
897,54342184-1daa-4da4-b6a0-8fd992e7f76a,Thing #897,291,1271104990,PADDING.
898,97339e81-930b-4ac4-9d9d-01f604cbe434,Thing #898,104,1582326083,PADDING.PADDING.PADDING.
899,80d672af-4169-43be-9ac8-8d7070c391ef,Thing #899,196,1281059700,PADDING.PADDING.
900,4d78f854-6034-4bdd-ace4-2179a04375b6,Thing #900,368,1397315116,PADDING.PADDING.PADDING.
901,f1a40cc0-e0a1-44a8-9131-f744efaf3b50,Thing #901,226,690375129,PADDING.
902,498e0254-4d26-4fd3-b2c3-673ccca8e5e5,Thing #902,494,1607110055,
903,6d8835b0-0edb-46fd-9dcc-2fe372f2b127,Thing #903,167,1434632410,PADDING.
904,086f2685-b3aa-4a9a-843e-b97da4011571,Thing #904,459,1209285217,
905,40429a62-e1d3-411b-afe6-06f0bdb8e272,Thing #905,250,875877202,PADDING.PADDING.PADDING.
906,150f73a5-465d-4594-8c43-c489b70cb0d0,Thing #906,203,1455865582,PADDING.PADDING.PADDING.
907,04165c6e-8d80-463f-9051-8a4e3bde4b12,Thing #907,399,1552570841,PADDING.PADDING.
908,c0ff7bdd-0171-4810-be15-0190dccb9680,Thing #908,416,837629347,PADDING.PADDING.
909,a9a8e888-15ea-47ea-88d2-fc72787a98bc,Thing #909,183,1303285102,
910,0e29e634-6c78-49c8-98d2-04b2424b3029,Thing #910,243,920231224,
911,495b99e7-428b-4143-9dbd-3e764725a59c,Thing #911,248,1230821923,PADDING.
912,bcfdbd1d-d15f-4d1a-960e-693b24945f0d,Thing #912,491,1152244995,PADDING.
913,ac34bdbd-f590-48c0-a38a-9a51fe4c9ac7,Thing #913,407,1585539243,PADDING.PADDING.PADDING.
914,deec218a-6cac-4060-a47f-8d8bc1d818c3,Thing #914,173,1389419619,
915,90d5f502-b691-4869-a29f-3b201b09dce0,Thing #915,268,1428751639,
916,0a128159-76fb-4a33-94eb-37089a08c457,Thing #916,247,836497969,PADDING.PADDING.
917,d853e833-6b15-4630-a3ea-063803ea119a,Thing #917,455,817490625,PADDING.PADDING.
918,821bed32-4c3d-4426-9a65-36cc4c1cf242,Thing #918,166,1464285734,PADDING.PADDING.
919,ba016a86-8928-41b9-82eb-56354754e1a4,Thing #919,230,925227421,PADDING.PADDING.PADDING.
920,33f99b49-67e9-446e-a419-db96bcab9b42,Thing #920,203,1113616571,PADDING.PADDING.
921,78bbf291-7a06-4b47-905a-67fed1b3c420,Thing #921,263,760044765,PADDING.
922,11d13014-21a2-48de-b71c-cadaded69304,Thing #922,288,834508902,PADDING.PADDING.
923,9f958cff-1d8e-492e-8334-f3da6afbe71b,Thing #923,251,1116227516,
924,8b935a07-aa54-4542-a747-9851bc2b3201,Thing #924,199,874920338,PADDING.
925,e8e43993-847b-4d08-a778-2b96374a3800,Thing #925,221,1361992334,PADDING.PADDING.
926,8d9995a0-1b4d-4d5d-be26-af9e5e8188a6,Thing #926,400,1133570479,
927,609fe8cd-c77a-4b91-b8ce-cadc6cc4ffa1,Thing #927,268,1010313113,PADDING.PADDING.PADDING.
928,9f2030e9-39e8-4efa-a6e1-302b39e191a6,Thing #928,350,1391966392,PADDING.
929,f641553f-d42f-4b67-b6a4-e3e3299ef822,Thing #929,431,1435325681,PADDING.PADDING.PADDING.
930,420d69b0-c820-4098-bef4-d4ef92fea90c,Thing #930,306,1639935084,PADDING.PADDING.PADDING.
931,6df7fcf9-339e-4a1f-b30a-58fb5c040633,Thing #931,403,777451172,PADDING.PADDING.PADDING.
932,92f94a4c-266f-4345-8cf1-0477ed761b16,Thing #932,217,1151131879,
933,5ffeaf47-64e7-4b3d-8b33-444c69c70c4b,Thing #933,453,1201747304,PADDING.PADDING.
934,a077bdb8-4876-4580-805a-bc1174508f62,Thing #934,174,1631050783,
935,6bf89d85-3ef6-40b3-8065-26156ae7a2af,Thing #935,156,706064765,
936,beb4628d-c86b-4e35-a73e-faf50ef7a29f,Thing #936,311,1650605049,PADDING.PADDING.PADDING.
937,c3ee995c-b6cd-41c9-a3e4-b0808696ddaf,Thing #937,495,922615097,PADDING.PADDING.
938,547e07cf-873e-46f9-b4af-0d94c08ca564,Thing #938,407,1046925092,
939,974deeec-6806-472e-9c4e-649f2be05d09,Thing #939,401,1525236608,PADDING.PADDING.PADDING.
940,b7027c23-300f-4405-b5a5-885f271bcbad,Thing #940,412,1331506677,PADDING.PADDING.
941,074d34b6-88f3-4655-bc9a-01ff7ea79dd4,Thing #941,122,1286687633,PADDING.PADDING.
942,bdca12ca-3fd6-4322-82e0-5c498c7b1429,Thing #942,133,805422266,PADDING.
943,9a1557f2-59ed-47be-8b72-be64769dac45,Thing #943,404,1012010547,PADDING.
944,ec5bbd7b-53cc-40ed-b1b2-6cd4f693c9e8,Thing #944,485,713469246,PADDING.PADDING.
945,23b7dff7-c17a-4294-bec7-c5c3a5fad05d,Thing #945,385,1638048439,
946,2ba42f0b-0238-4d7e-b1d5-07105cc6b423,Thing #946,120,824597412,PADDING.
947,afc6d0ff-4d25-451a-a687-6ed1330bbdc8,Thing #947,271,1131331344,PADDING.PADDING.PADDING.
948,2679a462-64fe-4a44-8817-0215434f2a14,Thing #948,174,734712264,PADDING.PADDING.PADDING.
949,fd993915-7605-4a71-b0b7-1c92c8c3432c,Thing #949,261,1380018586,PADDING.PADDING.PADDING.
950,e443874b-7143-4624-aa25-9a8256387483,Thing #950,335,991260780,PADDING.
951,e802c637-4900-4e7c-a938-6f23e448ba2b,Thing #951,212,1411371560,PADDING.PADDING.PADDING.
952,29d182a3-6ed8-4bcd-8a8f-55f1e50954e4,Thing #952,384,1222349207,PADDING.PADDING.
953,49cff0ae-ba52-4561-a440-064cf7eb1b0b,Thing #953,379,1395039301,PADDING.
954,dc6fa62b-0a6e-4a9c-b626-b91e5eb5a0b5,Thing #954,143,1465446873,PADDING.PADDING.
955,319f244b-1fb0-4911-b61f-933be3a1cfdc,Thing #955,428,1160879434,PADDING.PADDING.
956,4c42e3d8-9bfa-414a-be29-6c74ca27bc48,Thing #956,494,1087910405,PADDING.
957,06dcd926-2b0a-47eb-a71b-79c583b3a134,Thing #957,129,1545133473,PADDING.PADDING.PADDING.
958,8536f07c-bb56-475b-84b6-6dbf010ffcc8,Thing #958,357,1278214292,
959,27af65c6-6ced-4586-8ca7-4eb4f97be808,Thing #959,485,1450701072,PADDING.PADDING.PADDING.
960,12bb4d6e-df80-40f3-9c23-f43fc639a667,Thing #960,226,691885766,
961,9be5ac2b-accf-451f-b31d-27ce913c710a,Thing #961,150,739316673,PADDING.PADDING.PADDING.
962,68a8526a-f741-45f2-96a7-3d1cf0d29adb,Thing #962,116,1318555733,
963,65feef46-54c3-42cd-9b49-7d818170dca0,Thing #963,497,872124145,PADDING.PADDING.PADDING.
964,5ca9affe-04ed-44c9-88fe-463cbd92970d,Thing #964,213,1025578846,PADDING.
965,c5517016-12c6-409f-995e-ac502e89028d,Thing #965,349,1653170830,PADDING.
966,fc0042ef-68d2-4b57-bed3-6b26ad15c353,Thing #966,262,1147338282,
967,6ba3bb64-6e35-436c-ab12-2400e37e3211,Thing #967,259,1364258783,PADDING.PADDING.PADDING.
968,b91919c2-b8e8-44a9-9152-86cb4820832a,Thing #968,486,1555172043,
969,9ab049fa-4979-45d6-9d0d-7d8cea8759ac,Thing #969,460,1215483036,PADDING.
970,df6014e9-a9f2-4492-b7e3-e943bcbc74a6,Thing #970,484,757004159,PADDING.PADDING.
971,e2f75487-48bb-44cd-abb0-2adfb763cafc,Thing #971,153,1130241492,PADDING.PADDING.PADDING.
972,35a2e058-e01c-414c-9d6d-fd83b3fbf0ef,Thing #972,236,1339301465,PADDING.
973,be73d97c-bc9a-4b9b-bd20-2480e64f23d1,Thing #973,243,1285329373,PADDING.
974,c0b9847c-b18c-4e95-9886-16ba13e4395a,Thing #974,406,725157549,PADDING.
975,5107eefd-b1e9-4611-bf97-29a9ae5b9c85,Thing #975,322,1328749614,PADDING.PADDING.
976,1b5048c6-1364-45be-b652-473aaf0750bb,Thing #976,125,941158310,PADDING.PADDING.PADDING.
977,b9d021ba-37a9-4fd0-8d4e-923851390327,Thing #977,117,1644076182,PADDING.
978,6d29831b-af5d-48d8-99fe-e3857319cac2,Thing #978,105,1528939011,PADDING.
979,c93d7a70-02df-4133-81b6-414d3776a627,Thing #979,328,966342498,PADDING.PADDING.PADDING.
980,617c64db-7789-4bfd-9349-38859e19c4a9,Thing #980,275,1122645883,PADDING.PADDING.
981,51496c1b-6759-4f4d-a1cb-3ada5e386999,Thing #981,481,950643953,PADDING.
982,06c0b199-70df-47ef-abf7-9b94544a27ab,Thing #982,496,1544108162,PADDING.
983,2419e73c-db54-420c-8fc1-9246db046a09,Thing #983,407,1648414529,
984,12c62b55-c019-459b-a744-bb1987556d73,Thing #984,299,1178769569,PADDING.PADDING.PADDING.
985,57ef4382-63f6-41fa-bd1f-5c1a28059b7c,Thing #985,377,1007354186,PADDING.PADDING.PADDING.
986,8ab3470c-769b-423e-876f-ce02f9f3ae10,Thing #986,278,819356299,PADDING.PADDING.
987,20ba5da8-d0d6-41ad-ae6d-f4e929f45a18,Thing #987,110,757963214,PADDING.PADDING.PADDING.
988,b37bd21a-d3c3-41aa-b22f-640caf022418,Thing #988,396,1525251816,PADDING.PADDING.PADDING.
989,279ffb3a-e518-4b67-ab9f-c0c889d63f42,Thing #989,175,1348278242,PADDING.
990,86f55ed7-5ff6-4ca2-979b-252376b8ffa1,Thing #990,432,1477001784,
991,25885555-5b2f-4e1b-84a8-4a69e2774649,Thing #991,459,779462863,PADDING.
992,6d36db99-f905-4baf-ba5f-8168291cde98,Thing #992,226,838869204,PADDING.PADDING.PADDING.
993,691b1ecf-83e1-4ecb-b37b-631e137e3232,Thing #993,217,1497865616,
994,1aebf4e9-6471-4dbc-94d7-56bcc0fa9272,Thing #994,220,1055630040,PADDING.
995,7c458aba-4712-49a6-ba0d-4c8bc74607ac,Thing #995,293,1191495631,PADDING.PADDING.
996,1ba4ef70-df35-4960-9b18-fc6c70cbe3f1,Thing #996,383,825042854,PADDING.PADDING.
997,938b3204-23ca-4980-af87-d8f6ed3ac781,Thing #997,454,1449679574,PADDING.PADDING.
998,0f542574-72d5-4b6b-8f4c-052a111b0a9c,Thing #998,150,994740865,PADDING.
999,4d9a922a-fc67-4c85-b65e-50ae9d5e7a3d,Thing #999,223,1176244450,PADDING.PADDING.PADDING.
